,composition,temperature,VAM,CW,HIP,SPS,A,BCC,FCC,HCP,IM,CTE,compressive ductility,compressive yield stress,d parameter,density,hardness,tensile ductility,tensile yield stress,ultimate compressive strength,ultimate tensile strength,youngs modulus
0,Al0.1Cr1Fe1Co1Ni1,0.09933333333333333,0.0,1.0,0.0,0.0,0.0,0.0,1.0,0.0,0.0,,,,,,,1.5,1198000000.0,,,
1,Al0.1Cr1Fe1Co1Ni1,0.09933333333333333,0.0,1.0,0.0,0.0,1.0,0.0,1.0,0.0,0.0,,,,,,,24.633333333333336,823333333.3333334,,928000000.0,
2,Al0.25Cr1Fe1Co1Ni1,0.09933333333333333,1.0,0.0,0.0,0.0,1.0,0.0,1.0,0.0,0.0,9.74e-06,,,,,1093480500.0,,,,,
3,Al0.25Cr1Fe1Co1Ni1,0.12433333333333332,1.0,0.0,0.0,0.0,1.0,0.0,1.0,0.0,0.0,1.473e-05,,,,,,,,,,
4,Al0.25Cr1Fe1Co1Ni1,0.19999999999999998,1.0,0.0,0.0,0.0,1.0,0.0,1.0,0.0,0.0,1.601e-05,,,,,,,,,,
5,Al0.25Cr1Fe1Co1Ni1,0.35766666666666663,1.0,0.0,0.0,0.0,1.0,0.0,1.0,0.0,0.0,2.508e-05,,,,,,,,,,
6,Al0.25Fe1Co1Ni1,0.09933333333333333,1.0,0.0,0.0,0.0,0.0,0.0,1.0,0.0,0.0,,,158000000.0,,,1353366000.0,,,,,
7,Al0.2Fe1Co1Si0.2Ni1,0.09933333333333333,1.0,0.0,0.0,0.0,0.0,0.0,1.0,0.0,0.0,,,342000000.0,,,,,,,,
8,Al0.375Cr1Fe1Co1Ni1,0.09933333333333333,1.0,0.0,0.0,0.0,1.0,0.0,1.0,0.0,0.0,9.01e-06,,,,,1603444500.0,,,,,
9,Al0.375Cr1Fe1Co1Ni1,0.12433333333333332,1.0,0.0,0.0,0.0,1.0,0.0,1.0,0.0,0.0,1.439e-05,,,,,,,,,,
10,Al0.375Cr1Fe1Co1Ni1,0.19999999999999998,1.0,0.0,0.0,0.0,1.0,0.0,1.0,0.0,0.0,1.575e-05,,,,,,,,,,
11,Al0.375Cr1Fe1Co1Ni1,0.35766666666666663,1.0,0.0,0.0,0.0,1.0,0.0,1.0,0.0,0.0,2.723e-05,,,,,,,,,,
12,Al0.3Cr1Fe1Co1Cu0.3Ni1,0.391,1.0,0.0,0.0,0.0,0.0,0.0,1.0,0.0,0.0,,,,,,,24.0,,,,
13,Al0.3Cr1Fe1Co1Cu0.3Ni1,0.391,1.0,0.0,0.0,0.0,1.0,0.0,1.0,0.0,0.0,,,,,,,26.5,,,,
14,Al0.3Cr1Fe1Co1Cu0.3Ni1,0.45766666666666667,1.0,0.0,0.0,0.0,1.0,0.0,1.0,0.0,0.0,,,,,,,80.0,,,,
15,Al0.3Cr1Fe1Co1Ni1,0.091,1.0,0.0,0.0,0.0,0.0,0.0,1.0,0.0,0.0,,,,,,1147419000.0,,,,,
16,Al0.3Cr1Fe1Co1Ni1,0.09933333333333333,0.0,1.0,0.0,0.0,0.0,0.0,1.0,0.0,1.0,,,,,,,65.0,143000000.0,,400000000.0,
17,Al0.3Cr1Fe1Co1Ni1,0.09933333333333333,0.0,1.0,0.0,0.0,1.0,0.0,1.0,0.0,0.0,,,,,,,65.0,159000000.0,,410000000.0,
18,Al0.3Cr1Fe1Co1Ni1,0.09933333333333333,0.0,1.0,0.0,0.0,1.0,0.0,1.0,0.0,1.0,,,,,,,45.0,471000000.0,,850000000.0,
19,Al0.3Cr1Fe1Co1Ni1,0.09933333333333333,0.0,1.0,0.0,0.0,1.0,1.0,1.0,0.0,1.0,,,,,,,18.333333333333336,517166666.6666667,,1402166666.6666667,
20,Al0.3Cr1Fe1Co1Ni1,0.191,1.0,0.0,0.0,0.0,0.0,0.0,1.0,0.0,0.0,,,,,,1294524000.0,,,,,
21,Al0.3Cr1Fe1Co1Ni1,0.20433333333333334,1.0,0.0,0.0,0.0,0.0,0.0,1.0,0.0,0.0,,,,,,1441629000.0,,,,,
22,Al0.3Cr1Fe1Co1Ni1,0.23433333333333334,1.0,0.0,0.0,0.0,0.0,0.0,1.0,0.0,0.0,,,,,,1618155000.0,,,,,
23,Al0.3Cr1Fe1Cu0.5Ni2,0.09933333333333333,0.0,1.0,0.0,0.0,1.0,0.0,1.0,0.0,0.0,,,,,,1049349000.0,98.0,62000000.0,,169000000.0,16600000000.000004
24,Al0.3Cr1Fe1Cu0.5Ni2,0.09933333333333333,0.0,1.0,0.0,0.0,1.0,0.0,1.0,0.0,1.0,,,,,,2201671500.0,68.25,372500000.0,,693000000.0,45150000000.0
25,Al0.3Fe1Co1Si0.3Ni1,0.09933333333333333,1.0,0.0,0.0,0.0,0.0,1.0,1.0,0.0,0.0,,,938000000.0,,,,,,,2857000000.0,
26,Al0.4Fe1Co1Si0.4Ni1,0.09933333333333333,1.0,0.0,0.0,0.0,0.0,1.0,1.0,0.0,0.0,,,,,,,,,,2295000000.0,
27,Al0.5Cr1Fe1Co1Cu1Ni1,0.091,1.0,0.0,0.0,0.0,0.0,0.0,1.0,0.0,0.0,,,,,,1569120000.0,,,,,
28,Al0.5Cr1Fe1Co1Cu1Ni1,0.09933333333333333,1.0,0.0,0.0,0.0,0.0,0.0,1.0,0.0,0.0,,,388000000.0,,,2157540000.0,,,,,
29,Al0.5Cr1Fe1Co1Cu1Ni1,0.191,1.0,0.0,0.0,0.0,0.0,0.0,1.0,0.0,0.0,,,411000000.0,,,,,,,,
30,Al0.5Cr1Fe1Co1Cu1Ni1,0.25766666666666665,1.0,0.0,0.0,0.0,0.0,0.0,1.0,0.0,0.0,,,421000000.0,,,,,,,,
31,Al0.5Cr1Fe1Co1Cu1Ni1,0.3243333333333333,1.0,0.0,0.0,0.0,0.0,0.0,1.0,0.0,0.0,,,426000000.0,,,,,,,,
32,Al0.5Cr1Fe1Co1Cu1Ni1,0.391,1.0,0.0,0.0,0.0,0.0,0.0,1.0,0.0,0.0,,,230000000.0,,,,,,,,
33,Al0.5Cr1Fe1Co1Cu1Ni1,0.42433333333333334,1.0,0.0,0.0,0.0,0.0,0.0,1.0,0.0,0.0,,,150000000.0,,,,,,,,
34,Al0.5Cr1Fe1Co1Cu1Ni1,0.45766666666666667,1.0,0.0,0.0,0.0,0.0,0.0,1.0,0.0,0.0,,,80000000.0,,,,,,,,
35,Al0.5Cr1Fe1Co1Ni1,0.09933333333333333,1.0,0.0,0.0,0.0,0.0,1.0,1.0,0.0,0.0,,,368000000.0,,,1686804000.0,,,,,
36,Al0.5Cr1Fe1Co1Ni1,0.09933333333333333,1.0,0.0,0.0,0.0,1.0,1.0,1.0,0.0,0.0,9.23e-06,,,,,1804488000.0,,,,,
37,Al0.5Cr1Fe1Co1Ni1,0.12433333333333332,1.0,0.0,0.0,0.0,1.0,1.0,1.0,0.0,0.0,1.933e-05,,,,,,,,,,
38,Al0.5Cr1Fe1Co1Ni1,0.19999999999999998,1.0,0.0,0.0,0.0,1.0,1.0,1.0,0.0,0.0,1.487e-05,,,,,,,,,,
39,Al0.5Cr1Fe1Co1Ni1,0.35766666666666663,1.0,0.0,0.0,0.0,1.0,1.0,1.0,0.0,0.0,2.321e-05,,,,,,,,,,
40,Al0.5Cr1Fe1Co1Ni1Mo0.1,0.09933333333333333,1.0,0.0,0.0,0.0,0.0,1.0,1.0,0.0,0.0,,,414000000.0,,,2206575000.0,,,,,
41,Al0.5Cr1Fe1Co1Ni1Mo0.2,0.09933333333333333,1.0,0.0,0.0,0.0,0.0,1.0,1.0,0.0,1.0,,34.0,556000000.0,,,2844030000.0,,,,2006000000.0,
42,Al0.5Cr1Fe1Co1Ni1Mo0.3,0.09933333333333333,1.0,0.0,0.0,0.0,0.0,1.0,1.0,0.0,1.0,,31.0,814000000.0,,,3334380000.0,,,,2101000000.0,
43,Al0.5Cr1Fe1Co1Ni1Mo0.4,0.09933333333333333,1.0,0.0,0.0,0.0,0.0,1.0,1.0,0.0,1.0,,18.0,1091000000.0,,,4315080000.0,,,,2117000000.0,
44,Al0.5Cr1Fe1Co1Ni1Mo0.5,0.09933333333333333,1.0,0.0,0.0,0.0,0.0,0.0,1.0,0.0,1.0,,,,,,4167975000.0,,,,,
45,Al0.5Cr1Fe1Co1Ni1Mo0.5,0.09933333333333333,1.0,0.0,0.0,0.0,0.0,1.0,1.0,0.0,1.0,,10.0,1544000000.0,,,5599797000.0,,,,2360000000.0,
46,Al0.5Cr1Fe1Cu1Ni1,0.091,0.0,1.0,0.0,0.0,1.0,0.0,1.0,0.0,0.0,,,,,,2814609000.0,,,,,
47,Al0.5Cr1Fe1Cu1Ni1,0.091,1.0,0.0,0.0,0.0,0.0,0.0,1.0,0.0,0.0,,,,,,2216382000.0,,,,,
48,Al0.5Fe1Co1Ni1,0.09933333333333333,1.0,0.0,0.0,0.0,0.0,1.0,1.0,0.0,0.0,,,346000000.0,,,2079084000.0,,,,,
49,Al0.5Fe1Co1Si0.5Ni1,0.09933333333333333,1.0,0.0,0.0,0.0,0.0,1.0,0.0,0.0,0.0,,,,,,,,,,2046000000.0,
50,Al0.5V0.2Cr1Fe1Co1Cu1Ni1,0.09933333333333333,1.0,0.0,0.0,0.0,0.0,0.0,1.0,0.0,0.0,,,,,,2000628000.0,,,,,
51,Al0.5V0.4Cr1Fe1Co1Cu1Ni1,0.09933333333333333,1.0,0.0,0.0,0.0,0.0,1.0,1.0,0.0,0.0,,,,,,2265417000.0,,,,,
52,Al0.5V0.6Cr1Fe1Co1Cu1Ni1,0.09933333333333333,1.0,0.0,0.0,0.0,0.0,1.0,1.0,0.0,1.0,,,,,,3216696000.0,,,,,
53,Al0.5V0.8Cr1Fe1Co1Cu1Ni1,0.09933333333333333,1.0,0.0,0.0,0.0,0.0,1.0,1.0,0.0,1.0,,,,,,4383729000.0,,,,,
54,Al0.5V1.2Cr1Fe1Co1Cu1Ni1,0.09933333333333333,1.0,0.0,0.0,0.0,0.0,1.0,0.0,0.0,0.0,,,,,,5678253000.0,,,,,
55,Al0.5V1.4Cr1Fe1Co1Cu1Ni1,0.09933333333333333,1.0,0.0,0.0,0.0,0.0,1.0,0.0,0.0,0.0,,,,,,5658639000.0,,,,,
56,Al0.5V1.6Cr1Fe1Co1Cu1Ni1,0.09933333333333333,1.0,0.0,0.0,0.0,0.0,1.0,0.0,0.0,0.0,,,,,,5825358000.0,,,,,
57,Al0.5V1.8Cr1Fe1Co1Cu1Ni1,0.09933333333333333,1.0,0.0,0.0,0.0,0.0,1.0,0.0,0.0,0.0,,,,,,5854779000.0,,,,,
58,Al0.5V1Cr1Fe1Co1Cu1Ni1,0.09933333333333333,1.0,0.0,0.0,0.0,0.0,1.0,1.0,0.0,1.0,,,,,,6266673000.0,,,,,
59,Al0.5V2Cr1Fe1Co1Cu1Ni1,0.09933333333333333,1.0,0.0,0.0,0.0,0.0,1.0,0.0,0.0,0.0,,,,,,5756709000.0,,,,,
60,Al0.6Cr1Fe1Co1Ni1,0.091,1.0,0.0,0.0,0.0,0.0,1.0,1.0,0.0,0.0,,,,,,2235996000.0,,,,,
61,Al0.6Cr1Fe1Ni2.4,0.09933333333333333,1.0,0.0,0.0,0.0,0.0,0.0,1.0,0.0,0.0,,,,,,,45.0,441000000.0,,757000000.0,
62,Al0.75Cr1Fe1Co1Ni1,0.09933333333333333,1.0,0.0,0.0,0.0,1.0,1.0,1.0,0.0,0.0,9.17e-06,,,,,3275538000.0,,,,,
63,Al0.75Cr1Fe1Co1Ni1,0.12433333333333332,1.0,0.0,0.0,0.0,1.0,1.0,1.0,0.0,0.0,1.341e-05,,,,,,,,,,
64,Al0.75Cr1Fe1Co1Ni1,0.19999999999999998,1.0,0.0,0.0,0.0,1.0,1.0,1.0,0.0,0.0,1.414e-05,,,,,,,,,,
65,Al0.75Cr1Fe1Co1Ni1,0.35766666666666663,1.0,0.0,0.0,0.0,1.0,1.0,1.0,0.0,0.0,2.251e-05,,,,,,,,,,
66,Al0.75Fe1Co1Ni1,0.09933333333333333,1.0,0.0,0.0,0.0,0.0,1.0,1.0,0.0,0.0,,,794000000.0,,,3775695000.0,,,,,
67,Al0.7Cr1Fe1Co0.3Ni1,0.09933333333333333,0.0,0.0,0.0,1.0,0.0,1.0,1.0,0.0,0.0,,8.0,2033000000.0,,,6119568000.0,,,2635000000.0,,
68,Al0.7Cr1Fe1Co1Ni1,0.09938333333333332,1.0,0.0,0.0,0.0,0.0,1.0,0.0,0.0,0.0,,,,,,,9.2,,,,
69,Al0.7Cr1Fe1Ni2.3,0.09933333333333333,1.0,0.0,0.0,0.0,0.0,1.0,1.0,0.0,0.0,,,,,,,30.0,461000000.0,,835000000.0,
70,Al0.875Cr1Fe1Co1Ni1,0.09933333333333333,1.0,0.0,0.0,0.0,1.0,1.0,0.0,0.0,0.0,,,,,,5276166000.0,,,,,
71,Al0.875Cr1Fe1Co1Ni1,0.09933333333333333,1.0,0.0,0.0,0.0,1.0,1.0,1.0,0.0,0.0,9.08e-06,,,,,3540327000.0,,,,,
72,Al0.875Cr1Fe1Co1Ni1,0.12433333333333332,1.0,0.0,0.0,0.0,1.0,1.0,1.0,0.0,0.0,1.294e-05,,,,,,,,,,
73,Al0.875Cr1Fe1Co1Ni1,0.19999999999999998,1.0,0.0,0.0,0.0,1.0,1.0,1.0,0.0,0.0,1.392e-05,,,,,,,,,,
74,Al0.875Cr1Fe1Co1Ni1,0.35766666666666663,1.0,0.0,0.0,0.0,1.0,1.0,1.0,0.0,1.0,2.559e-05,,,,,,,,,,
75,Al0.8Cr1Fe1Co1Cu1Ni1,0.09933333333333333,1.0,0.0,0.0,0.0,0.0,1.0,1.0,0.0,0.0,,,,,,2647890000.0,,,,,
76,Al0.8Cr1Fe1Ni2.2,0.09933333333333333,1.0,0.0,0.0,0.0,0.0,1.0,1.0,0.0,0.0,,,,,,,12.7,479000000.0,,956000000.0,
77,Al0.8Fe1Co1Si0.8Ni1,0.09933333333333333,1.0,0.0,0.0,0.0,0.0,1.0,0.0,0.0,0.0,,,,,,,,,,1017000000.0,
78,Al0.9Cr1Fe1Co1Ni1,0.091,1.0,0.0,0.0,0.0,0.0,1.0,1.0,0.0,0.0,,,,,,5011377000.0,,,,,
79,Al0.9Cr1Fe1Ni2.1,0.09933333333333333,1.0,0.0,0.0,0.0,0.0,1.0,1.0,0.0,0.0,,,,,,,9.1,610000000.0,,1173000000.0,
80,Al1.25Cr1Fe1Co1Ni1,0.09933333333333333,1.0,0.0,0.0,0.0,1.0,1.0,0.0,0.0,0.0,8.97e-06,,,,,4834851000.0,,,,,
81,Al1.25Cr1Fe1Co1Ni1,0.12433333333333332,1.0,0.0,0.0,0.0,1.0,1.0,0.0,0.0,0.0,1.197e-05,,,,,,,,,,
82,Al1.25Cr1Fe1Co1Ni1,0.19999999999999998,1.0,0.0,0.0,0.0,1.0,1.0,0.0,0.0,0.0,1.335e-05,,,,,,,,,,
83,Al1.25Cr1Fe1Co1Ni1,0.35766666666666663,1.0,0.0,0.0,0.0,1.0,1.0,0.0,0.0,0.0,2.03e-05,,,,,,,,,,
84,Al1.5Cr1Fe1Co1Cu1Ni1,0.06666666666666667,1.0,0.0,0.0,0.0,0.0,1.0,1.0,0.0,0.0,1.18e-05,,,,,,,,,,
85,Al1.5Cr1Fe1Co1Cu1Ni1,0.091,1.0,0.0,0.0,0.0,0.0,1.0,1.0,0.0,0.0,,,,,,4883886000.0,,,,,
86,Al1.5Cr1Fe1Co1Cu1Ni1,0.16666666666666666,1.0,0.0,0.0,0.0,0.0,1.0,1.0,0.0,0.0,1.4499999999999998e-05,,,,,,,,,,
87,Al1.5Cr1Fe1Co1Ni1,0.09933333333333333,1.0,0.0,0.0,0.0,0.0,1.0,0.0,0.0,0.0,,,,,,3942414000.0,,,,,
88,Al1.5Cr1Fe1Co1Ni1,0.09933333333333333,1.0,0.0,0.0,0.0,1.0,1.0,0.0,0.0,0.0,8.95e-06,,,,,4908403500.0,,,,,
89,Al1.5Cr1Fe1Co1Ni1,0.12433333333333332,1.0,0.0,0.0,0.0,1.0,1.0,0.0,0.0,0.0,1.188e-05,,,,,,,,,,
90,Al1.5Cr1Fe1Co1Ni1,0.19999999999999998,1.0,0.0,0.0,0.0,1.0,1.0,0.0,0.0,0.0,1.301e-05,,,,,,,,,,
91,Al1.5Cr1Fe1Co1Ni1,0.35766666666666663,1.0,0.0,0.0,0.0,1.0,1.0,0.0,0.0,0.0,2.726e-05,,,,,,,,,,
92,Al1.5Cr1Fe1Co1Ni1Mo0.5,0.09933333333333333,1.0,0.0,0.0,0.0,0.0,1.0,0.0,0.0,1.0,,,,,,6423585000.0,,,,,
93,Al1.8Cr1Fe1Co1Cu1Ni1,0.06666666666666667,1.0,0.0,0.0,0.0,0.0,1.0,1.0,0.0,0.0,1.15e-05,,,,,,,,,,
94,Al1.8Cr1Fe1Co1Cu1Ni1,0.16666666666666666,1.0,0.0,0.0,0.0,0.0,1.0,1.0,0.0,0.0,1.4499999999999998e-05,,,,,,,,,,
95,Al12.5Cr12.5Fe12.5Co12.5Ni50,0.09933333333333333,1.0,0.0,0.0,0.0,0.0,0.0,1.0,0.0,0.0,,,,,,2206575000.0,,,,,
96,Al12Cr18Fe35(CoNi)18,0.09933333333333333,1.0,0.0,0.0,0.0,0.0,1.0,0.0,0.0,0.0,,,,,,,7.9,866000000.0,,1223000000.0,
97,Al14.3Cr14.3Fe14.3Co14.3Ni42.9,0.09933333333333333,1.0,0.0,0.0,0.0,0.0,1.0,1.0,0.0,0.0,,,,,,2373294000.0,,,,,
98,Al15.4Cr15.4Fe15.4Co15.4Ni38.5,0.09933333333333333,1.0,0.0,0.0,0.0,0.0,1.0,1.0,0.0,0.0,,,,,,2598855000.0,,,,,
99,Al16.7Cr16.7Fe16.7Co16.7Ni33.3,0.09933333333333333,1.0,0.0,0.0,0.0,0.0,1.0,1.0,0.0,0.0,,,,,,3285345000.0,,,,,
100,Al16.7Cr16.7Fe16.7Co33.3Ni16.7,0.09933333333333333,1.0,0.0,0.0,0.0,0.0,1.0,0.0,0.0,0.0,,,,,,5217324000.0,,,,,
101,Al16.7Cr33.3Fe16.7Co16.7Ni16.7,0.09933333333333333,1.0,0.0,0.0,0.0,0.0,1.0,0.0,0.0,0.0,,,,,,6050918999.999999,,,,,
102,Al16Cr16Fe16Co16Ni34.4,0.09933333333333333,1.0,0.0,0.0,0.0,0.0,1.0,1.0,0.0,0.0,,,,,,,16.5,545000000.0,,1050000000.0,
103,Al16Cr16Fe16Co16Ni35.5,0.09933333333333333,1.0,0.0,0.0,0.0,0.0,1.0,1.0,0.0,0.0,,,,,,,20.0,545000000.0,,1110000000.0,
104,Al17Cr17(FeNi)33,0.09933333333333333,1.0,0.0,0.0,0.0,0.0,1.0,1.0,0.0,0.0,,,,,,,15.7,796000000.0,,1437000000.0,
105,Al17Cr17Fe17Co17Ni33.3,0.09933333333333333,1.0,0.0,0.0,0.0,0.0,1.0,1.0,0.0,0.0,,,,,,,16.5,545000000.0,,1030000000.0,
106,Al17Cr17Fe17Cu17Ni33,0.09933333333333333,1.0,0.0,0.0,0.0,0.0,1.0,1.0,0.0,0.0,,30.0,,,,,,,,,
107,Al18.2Cr18.2Fe18.2Co18.2Ni27.3,0.09933333333333333,1.0,0.0,0.0,0.0,0.0,1.0,1.0,0.0,0.0,,,,,,4932920999.999999,,,,,
108,Al18Cr10Fe10Co30Ni29Mo3,0.09933333333333333,1.0,0.0,0.0,0.0,0.0,1.0,1.0,0.0,0.0,,14.5,1198300000.0,,,3527577900.0,,,,,
109,Al18Cr10Fe10Co30Ni31Mo,0.09933333333333333,1.0,0.0,0.0,0.0,0.0,1.0,1.0,0.0,0.0,,18.2,1159700000.0,,,3504041100.0,,,,,
110,Al19Fe20Co20Ni41,0.09933333333333333,1.0,0.0,0.0,0.0,0.0,1.0,1.0,0.0,0.0,,,,,,,18.7,,,,
111,Al1Cr1Fe0.6Co1Ni1Mo0.5,0.09933333333333333,1.0,0.0,0.0,0.0,0.0,1.0,0.0,0.0,1.0,,,,,,7394478000.0,,,,,
112,Al1Cr1Fe1.5Co1Ni1Mo0.5,0.09933333333333333,1.0,0.0,0.0,0.0,0.0,1.0,0.0,0.0,1.0,,,,,,6227445000.0,,,,,
113,Al1Cr1Fe1Co0.5Ni1Mo0.5,0.09933333333333333,1.0,0.0,0.0,0.0,0.0,1.0,0.0,0.0,1.0,,,,,,7855407000.0,,,,,
114,Al1Cr1Fe1Co1.5Ni1Mo0.5,0.09933333333333333,1.0,0.0,0.0,0.0,0.0,1.0,0.0,0.0,1.0,,,,,,7266987000.0,,,,,
115,Al1Cr1Fe1Co1Mo0.5,0.09933333333333333,1.0,0.0,0.0,0.0,0.0,1.0,0.0,0.0,1.0,,,,,,8404599000.0,,,,,
116,Al1Cr1Fe1Co1Ni0.5Mo0.5,0.09933333333333333,1.0,0.0,0.0,0.0,0.0,1.0,0.0,0.0,1.0,,,,,,6943356000.0,,,,,
117,Al1Cr1Fe1Co1Ni1.5Mo0.5,0.09933333333333333,1.0,0.0,0.0,0.0,0.0,1.0,1.0,0.0,1.0,,,,,,5746902000.0,,,,,
118,Al1Cr1Fe1Co1Ni1Mo0.1,0.09933333333333333,1.0,0.0,0.0,0.0,0.0,1.0,0.0,0.0,0.0,,,1804000000.0,,,,,,2280000000.0,,
119,Al1Cr1Fe1Co1Ni1Mo0.2,0.09933333333333333,1.0,0.0,0.0,0.0,0.0,1.0,0.0,0.0,1.0,,,2456000000.0,,,,,,2953000000.0,,
120,Al1Cr1Fe1Co1Ni1Mo0.3,0.09933333333333333,1.0,0.0,0.0,0.0,0.0,1.0,0.0,0.0,1.0,,,2649000000.0,,,,,,3208000000.0,,
121,Al1Cr1Fe1Co1Ni1Mo0.4,0.09933333333333333,1.0,0.0,0.0,0.0,0.0,1.0,0.0,0.0,1.0,,,2670000000.0,,,,,,3161000000.0,,
122,Al1Cr1Fe1Co1Ni1Mo0.5,0.09933333333333333,1.0,0.0,0.0,0.0,0.0,1.0,0.0,0.0,1.0,,,2757000000.0,,,7258814500.0,,,3036000000.0,,
123,Al1Cr1Fe1Co1Ni2.1,0.09933333333333333,0.0,1.0,0.0,0.0,1.0,1.0,1.0,0.0,0.0,,,,,,,20.8,1302333333.3333333,,,
124,Al1Cr1Fe1Co1Ni2Mo0.5,0.09933333333333333,1.0,0.0,0.0,0.0,0.0,1.0,1.0,0.0,1.0,,,,,,3873765000.0,,,,,
125,Al1Cr1Fe1Co1Ni2W0.1,0.09933333333333333,1.0,0.0,0.0,0.0,0.0,1.0,1.0,0.0,0.0,,41.4,477900000.0,,,2923957050.0,,,,,
126,Al1Cr1Fe1Co1Ni2W0.2,0.09933333333333333,1.0,0.0,0.0,0.0,0.0,1.0,1.0,0.0,0.0,,42.0,489500000.0,,,2923466700.0,,,,,
127,Al1Cr1Fe1Co1Ni2W0.3,0.09933333333333333,1.0,0.0,0.0,0.0,0.0,1.0,1.0,0.0,0.0,,31.0,492500000.0,,,3048505950.0,,,,,
128,Al1Cr1Fe1Co1Si0.2Ni1,0.09933333333333333,1.0,0.0,0.0,0.0,0.0,1.0,0.0,0.0,0.0,,,1265000000.0,,,,,,2173000000.0,,
129,Al1Cr1Fe1Co1Si0.4Ni1,0.09933333333333333,1.0,0.0,0.0,0.0,0.0,1.0,0.0,0.0,0.0,,,1481000000.0,,,,,,2444000000.0,,
130,Al1Cr1Fe1Co1Si0.6Ni1,0.09933333333333333,1.0,0.0,0.0,0.0,0.0,1.0,0.0,0.0,0.0,,,1834000000.0,,,,,,2195000000.0,,
131,Al1Cr1Fe1Co1Si0.8Ni1,0.09933333333333333,1.0,0.0,0.0,0.0,0.0,1.0,0.0,0.0,1.0,,,2179000000.0,,,,,,2664000000.0,,
132,Al1Cr1Fe1Co2Ni1Mo0.5,0.09933333333333333,1.0,0.0,0.0,0.0,0.0,1.0,1.0,0.0,1.0,,,,,,5746902000.0,,,,,
133,Al1Cr1Fe1Cu1Ni0.6,0.09933333333333333,1.0,0.0,0.0,0.0,1.0,1.0,1.0,0.0,0.0,,,,,,4864272000.0,,,,,
134,Al1Cr1Fe1Cu1Ni0.8,0.09933333333333333,1.0,0.0,0.0,0.0,1.0,1.0,1.0,0.0,0.0,,,,,,4766202000.0,,,,,
135,Al1Cr1Fe1Cu1Ni1.2,0.09933333333333333,1.0,0.0,0.0,0.0,1.0,1.0,1.0,0.0,0.0,,,,,,3991449000.0,,,,,
136,Al1Cr1Fe1Cu1Ni1.4,0.09933333333333333,1.0,0.0,0.0,0.0,1.0,1.0,1.0,0.0,0.0,,,,,,3599169000.0,,,,,
137,Al1Cr1Fe1Ni1Mo0.2,0.09933333333333333,0.0,0.0,0.0,0.0,0.0,1.0,0.0,0.0,0.0,,,,,,4579869000.0,,,,,
138,Al1Cr1Fe1Ni1Mo0.2,0.09933333333333333,0.0,0.0,0.0,0.0,1.0,1.0,0.0,0.0,0.0,,,,,,4743319000.0,,,,,
139,Al1Cr1Fe1Ni1Mo0.2,0.09933333333333333,0.0,0.0,0.0,0.0,1.0,1.0,0.0,0.0,1.0,,,,,,5109447000.0,,,,,
140,Al1Cr1Fe1Ni1Mo0.2,0.09933333333333333,1.0,0.0,0.0,0.0,0.0,1.0,0.0,0.0,0.0,,,1487000000.0,,,5384043000.0,,,3222000000.0,,
141,Al1Cr1Fe1Ni1Mo0.5,0.09933333333333333,1.0,0.0,0.0,0.0,0.0,1.0,0.0,0.0,0.0,,,1831550000.0,,,6108289950.0,,,3333800000.0,,
142,Al1Cr1Fe1Ni1Mo0.8,0.09933333333333333,1.0,0.0,0.0,0.0,0.0,1.0,0.0,0.0,1.0,,,1513000000.0,,,8375178000.0,,,1513000000.0,,
143,Al1Cr1Fe2Co1Ni1Mo0.5,0.09933333333333333,1.0,0.0,0.0,0.0,0.0,1.0,0.0,0.0,1.0,,,,,,6266673000.0,,,,,
144,Al1Fe1Co1Cu1Ni0.5,0.09933333333333333,1.0,0.0,0.0,0.0,0.0,1.0,1.0,0.0,0.0,,13.7,929000000.0,,,4225836300.0,,,,,
145,Al1Fe1Co1Cu1Ni0.8,0.09933333333333333,1.0,0.0,0.0,0.0,0.0,1.0,1.0,0.0,0.0,,12.3,1021000000.0,,,4118940000.0,,,,,
146,Al1Fe1Co1Cu1Ni1.5,0.09933333333333333,1.0,0.0,0.0,0.0,0.0,1.0,1.0,0.0,0.0,,35.9,680000000.0,,,3175506600.0,,,,,
147,Al2.5Cr1Fe1Co1Ni1,0.09933333333333333,1.0,0.0,0.0,0.0,0.0,1.0,0.0,0.0,0.0,,,,,,4776009000.0,,,,,
148,Al21.3Cr15Fe21.3Co21.3Ni21.3,0.09933333333333333,1.0,0.0,0.0,0.0,0.0,1.0,0.0,0.0,0.0,,,,,,5001570000.0,,,,,
149,Al21.3Cr21.3Fe15Co21.3Ni21.3,0.09933333333333333,1.0,0.0,0.0,0.0,0.0,1.0,0.0,0.0,0.0,,,,,,5472306000.0,,,,,
150,Al21.3Cr21.3Fe21.3Co21.3Ni15,0.09933333333333333,1.0,0.0,0.0,0.0,0.0,1.0,0.0,0.0,0.0,,,,,,5442885000.0,,,,,
151,Al22.5Cr10Fe22.5Co22.5Ni22.5,0.09933333333333333,1.0,0.0,0.0,0.0,0.0,1.0,0.0,0.0,0.0,,,,,,4668132000.0,,,,,
152,Al22.5Cr22.5Fe10Co22.5Ni22.5,0.09933333333333333,1.0,0.0,0.0,0.0,0.0,1.0,0.0,0.0,0.0,,,,,,5756709000.0,,,,,
153,Al22.5Cr22.5Fe22.5Co10Ni22.5,0.09933333333333333,1.0,0.0,0.0,0.0,0.0,1.0,0.0,0.0,0.0,,,,,,5285973000.0,,,,,
154,Al22.5Cr22.5Fe22.5Co22.5Ni10,0.09933333333333333,1.0,0.0,0.0,0.0,0.0,1.0,0.0,0.0,0.0,,,,,,5374236000.0,,,,,
155,Al23.8Cr23.8Fe23.8Co23.8Ni5,0.09933333333333333,1.0,0.0,0.0,0.0,0.0,1.0,0.0,0.0,0.0,,,,,,6031305000.0,,,,,
156,Al23.8Cr23.8Fe23.8Co5Ni23.8,0.09933333333333333,1.0,0.0,0.0,0.0,0.0,1.0,0.0,0.0,0.0,,,,,,5393850000.0,,,,,
157,Al23.8Cr23.8Fe5Co23.8Ni23.8,0.09933333333333333,1.0,0.0,0.0,0.0,0.0,1.0,0.0,0.0,0.0,,,,,,6521655000.0,,,,,
158,Al23.8Cr5Fe23.8Co23.8Ni23.8,0.09933333333333333,1.0,0.0,0.0,0.0,0.0,1.0,0.0,0.0,0.0,,,,,,4295466000.0,,,,,
159,Al23Cr26(FeNi)26,0.09933333333333333,1.0,0.0,0.0,0.0,0.0,1.0,0.0,0.0,0.0,,37.1,770000000.0,,,,,,,,
160,Al29Cr24(FeNi)24,0.09933333333333333,1.0,0.0,0.0,0.0,0.0,1.0,0.0,0.0,0.0,,31.4,906800000.0,,,,,,,,
161,Al2Cr1Fe1Co1Ni1Mo0.5,0.09933333333333333,1.0,0.0,0.0,0.0,0.0,1.0,0.0,0.0,0.0,,,,,,5933235000.0,,,,,
162,Al2CrFeCoCuNi,0.091,1.0,0.0,0.0,0.0,0.0,1.0,1.0,0.0,0.0,,,,,,5491920000.0,,,,,
163,Al2CrFeCoCuNi,0.09933333333333333,1.0,0.0,0.0,0.0,0.0,1.0,0.0,0.0,0.0,,,1620000000.0,,,,,,,,
164,Al2CrFeCoCuNi,0.25766666666666665,1.0,0.0,0.0,0.0,0.0,1.0,0.0,0.0,0.0,,,1120000000.0,,,,,,,,
165,Al2CrFeCoCuNi,0.291,1.0,0.0,0.0,0.0,0.0,1.0,0.0,0.0,0.0,,,805000000.0,,,,,,,,
166,Al2CrFeCoCuNi,0.3243333333333333,1.0,0.0,0.0,0.0,0.0,1.0,0.0,0.0,0.0,,,567000000.0,,,,,,,,
167,Al2CrFeCoCuNi,0.35766666666666663,1.0,0.0,0.0,0.0,0.0,1.0,0.0,0.0,0.0,,,302000000.0,,,,,,,,
168,Al2CrFeCoCuNi,0.391,1.0,0.0,0.0,0.0,0.0,1.0,0.0,0.0,0.0,,,214000000.0,,,,,,,,
169,Al2CrFeCoCuNi,0.42433333333333334,1.0,0.0,0.0,0.0,0.0,1.0,0.0,0.0,0.0,,,116000000.0,,,,,,,,
170,Al2CrFeCoCuNi,0.45766666666666667,1.0,0.0,0.0,0.0,0.0,1.0,0.0,0.0,0.0,,,79000000.0,,,,,,,,
171,Al2CrFeCoNi,0.09933333333333333,1.0,0.0,0.0,0.0,0.0,1.0,0.0,0.0,0.0,,9.98,1241000000.0,,,4970677950.0,,,,,
172,Al2CrFeCoNi,0.09933333333333333,1.0,0.0,0.0,0.0,1.0,1.0,0.0,0.0,0.0,8.84e-06,,,,,5006473500.0,,,,,
173,Al2CrFeCoNi,0.12433333333333332,1.0,0.0,0.0,0.0,1.0,1.0,0.0,0.0,0.0,1.171e-05,,,,,,,,,,
174,Al2CrFeCoNi,0.19999999999999998,1.0,0.0,0.0,0.0,1.0,1.0,0.0,0.0,0.0,1.285e-05,,,,,,,,,,
175,Al2CrFeCoNi,0.35766666666666663,1.0,0.0,0.0,0.0,1.0,1.0,0.0,0.0,0.0,2.53e-05,,,,,,,,,,
176,Al30Cr23(FeNi)23,0.09933333333333333,1.0,0.0,0.0,0.0,0.0,1.0,0.0,0.0,0.0,,24.7,1122800000.0,,,,,,,,
177,Al3CrFeCoNi,0.09933333333333333,1.0,0.0,0.0,0.0,0.0,1.0,0.0,0.0,0.0,,,,,,4962342000.0,,,,,
178,Al43Cr25Fe5Co22Ni5,0.09933333333333333,1.0,0.0,0.0,0.0,0.0,1.0,0.0,0.0,0.0,,,,,,8316336000.0,,,,,
179,Al47Cr18Fe5Co20(CuNi)5,0.09933333333333333,1.0,0.0,0.0,0.0,0.0,1.0,0.0,0.0,0.0,,,,,,8659581000.0,,,,,
180,Al4Cr19Fe19Co19Cu4Ni37,0.09933333333333333,0.0,1.0,0.0,0.0,1.0,0.0,1.0,0.0,0.0,,,,,,,30.0,719000000.0,,1048000000.0,
181,Al4Cr19Fe19Co19Cu4Ni37,0.09933333333333333,0.0,1.0,0.0,0.0,1.0,0.0,1.0,0.0,1.0,,,,,,,32.0,460000000.0,,732000000.0,
182,Al7Cr23Fe23(CoNi)23,0.09933333333333333,0.0,1.0,0.0,0.0,1.0,0.0,1.0,0.0,0.0,,,,,,,62.5,211000000.0,,499500000.0,
183,Al7Cr23Fe23(CoNi)23,0.09933333333333333,0.0,1.0,0.0,0.0,1.0,0.0,1.0,0.0,1.0,,,,,,,55.0,285000000.0,,540000000.0,
184,Al7Cr23Fe23(CoNi)23,0.09933333333333333,0.0,1.0,0.0,0.0,1.0,1.0,1.0,0.0,0.0,,,,,,,43.0,215000000.0,,520000000.0,
185,Al7Cr23Fe23(CoNi)23,0.09933333333333333,0.0,1.0,0.0,0.0,1.0,1.0,1.0,0.0,1.0,,,,,,,45.0,490000000.0,,840000000.0,
186,Al7Cr23Fe23(CoNi)23,0.09933333333333333,1.0,0.0,0.0,0.0,0.0,0.0,1.0,0.0,0.0,,25.0,,,,,,,,,
187,Al7Cr23Fe23(CoNi)23,0.09933333333333333,1.0,0.0,0.0,0.0,0.0,0.0,1.0,0.0,1.0,,,,,,,58.0,175000000.0,,335000000.0,
188,Al7Cr23Fe23(CoNi)23,0.09933333333333333,1.0,0.0,0.0,0.0,1.0,0.0,1.0,0.0,1.0,,,,,,,44.0,305000000.0,,525000000.0,
189,Al7Cr23Fe23(CoNi)23,0.09933333333333333,1.0,0.0,0.0,0.0,1.0,1.0,1.0,0.0,0.0,,,,,,,44.0,280000000.0,,570000000.0,
190,Al8Cr17Fe17Co17Cu8Ni33,0.09933333333333333,1.0,0.0,0.0,0.0,0.0,0.0,1.0,0.0,1.0,,,,,,,9.0,357000000.0,,459000000.0,
191,Al8Cr17Fe17Co17Cu8Ni33,0.09933333333333333,1.0,0.0,0.0,0.0,1.0,0.0,1.0,0.0,1.0,,,,,,,19.55,290000000.0,,427000000.0,
192,Al9Cr5Fe5Co15Ni15Mo,0.09933333333333333,1.0,0.0,0.0,0.0,0.0,1.0,1.0,0.0,0.0,,14.7,1250800000.0,,,3556018200.0,,,,,
193,Al9Cr5Fe5Co15Ni15W,0.09933333333333333,1.0,0.0,0.0,0.0,0.0,1.0,1.0,0.0,0.0,,,,,,,20.3,,,1266500000.0,
194,Al9Cr5Fe5Co15Ni16,0.09933333333333333,1.0,0.0,0.0,0.0,0.0,1.0,1.0,0.0,0.0,,16.7,1129400000.0,,,2995057800.0,,,,,
195,Al9Cr8(FeNi)8,0.09933333333333333,1.0,0.0,0.0,0.0,0.0,1.0,0.0,0.0,0.0,,27.1,1044000000.0,,,,,,,,
196,AlCr(FeNi)2,0.09933333333333333,1.0,0.0,0.0,0.0,0.0,1.0,0.0,0.0,0.0,,17.0,,,,,,,,,
197,AlCr2Fe2Co2(CuNi)2,0.09933333333333333,0.0,1.0,0.0,0.0,0.0,0.0,1.0,0.0,0.0,,,,,,,5.0,1290000000.0,,1400000000.0,
198,AlCr2Fe2Co2(CuNi)2,0.09933333333333333,0.0,1.0,0.0,0.0,1.0,0.0,1.0,0.0,0.0,,,,,,,17.3,967000000.0,,1067000000.0,
199,AlCr2Fe2Co2(CuNi)2,0.3243333333333333,0.0,1.0,0.0,0.0,0.0,0.0,1.0,0.0,0.0,,,,,,,5.0,180000000.0,,185000000.0,
200,AlCr2Fe2Co2(CuNi)2,0.3243333333333333,0.0,1.0,0.0,0.0,1.0,0.0,1.0,0.0,0.0,,,,,,,12.0,160000000.0,,180000000.0,
201,AlCrCoNi,0.09933333333333333,1.0,0.0,0.0,0.0,0.0,1.0,0.0,0.0,0.0,,16.7,1750000000.0,,,11601681000.0,,,,,
202,AlCrFe(CoNi)2,0.09933333333333333,1.0,0.0,0.0,0.0,0.0,1.0,1.0,0.0,0.0,,,,,,,14.8,,,,
203,AlCrFeCoCuNi,0.06666666666666667,1.0,0.0,0.0,0.0,0.0,1.0,1.0,0.0,0.0,1.14e-05,,,,,,,,,,
204,AlCrFeCoCuNi,0.091,1.0,0.0,0.0,0.0,0.0,1.0,1.0,0.0,0.0,,,,,,4491606000.0,,,,,
205,AlCrFeCoCuNi,0.09933333333333333,0.0,0.0,0.0,0.0,0.0,1.0,1.0,0.0,1.0,,,,,,,1.0,1040000000.0,,1170000000.0,
206,AlCrFeCoCuNi,0.09933333333333333,1.0,0.0,0.0,0.0,0.0,1.0,1.0,0.0,0.0,,24.0,1125500000.0,,,4628904000.0,0.2,790000000.0,,790000000.0,
207,AlCrFeCoCuNi,0.16666666666666666,1.0,0.0,0.0,0.0,0.0,1.0,1.0,0.0,0.0,1.4800000000000002e-05,,,,,,,,,,
208,AlCrFeCoCuNi,0.291,1.0,0.0,0.0,0.0,0.0,1.0,1.0,0.0,0.0,,,561000000.0,,,,,,,,
209,AlCrFeCoCuNi,0.3243333333333333,0.0,0.0,0.0,0.0,0.0,1.0,1.0,0.0,1.0,,,,,,,63.0,63000000.0,,91000000.0,
210,AlCrFeCoCuNi,0.3243333333333333,1.0,0.0,0.0,0.0,0.0,1.0,1.0,0.0,0.0,,,307000000.0,,,,5.0,350000000.0,,360000000.0,
211,AlCrFeCoCuNi,0.35766666666666663,1.0,0.0,0.0,0.0,0.0,1.0,1.0,0.0,0.0,,,172000000.0,,,,,,,,
212,AlCrFeCoCuNi,0.391,1.0,0.0,0.0,0.0,0.0,1.0,1.0,0.0,0.0,,,98000000.0,,,,,,,,
213,AlCrFeCoCuNi,0.42433333333333334,1.0,0.0,0.0,0.0,0.0,1.0,1.0,0.0,0.0,,,47000000.0,,,,,,,,
214,AlCrFeCoNi,0.09933333333333333,0.0,0.0,0.0,1.0,0.0,1.0,1.0,0.0,0.0,,31.5,1191700000.0,,,5109447000.0,,,,,
215,AlCrFeCoNi,0.09933333333333333,1.0,0.0,0.0,0.0,0.0,1.0,0.0,0.0,0.0,,17.925,1363755555.5555556,,,4724522250.0,,,2767500000.0,,127000000000.0
216,AlCrFeCoNi,0.09933333333333333,1.0,0.0,0.0,0.0,0.0,1.0,1.0,0.0,0.0,,,,,,5580000000.0,,,,,193000000000.0
217,AlCrFeCoNi,0.09933333333333333,1.0,0.0,0.0,0.0,1.0,1.0,0.0,0.0,0.0,,,,,,4746588000.0,,,,,
218,AlCrFeCoNi,0.09933333333333333,1.0,0.0,0.0,0.0,1.0,1.0,1.0,0.0,0.0,9.03e-06,11.9,1453333333.3333333,,,4246431000.0,0.8,900000000.0,,935000000.0,
219,AlCrFeCoNi,0.09933333333333333,1.0,0.0,0.0,0.0,1.0,1.0,1.0,0.0,1.0,,1.6,1430000000.0,,,,,,,,
220,AlCrFeCoNi,0.12433333333333332,1.0,0.0,0.0,0.0,1.0,1.0,1.0,0.0,0.0,1.247e-05,,,,,,,,,,
221,AlCrFeCoNi,0.19999999999999998,1.0,0.0,0.0,0.0,1.0,1.0,1.0,0.0,0.0,1.354e-05,,,,,,,,,,
222,AlCrFeCoNi,0.3243333333333333,0.0,0.0,1.0,0.0,1.0,1.0,1.0,0.0,1.0,,,,,,,12.0,295000000.0,,393000000.0,
223,AlCrFeCoNi,0.3243333333333333,1.0,0.0,0.0,0.0,0.0,1.0,0.0,0.0,0.0,,,,,,,1.0,395000000.0,,400000000.0,
224,AlCrFeCoNi,0.35766666666666663,1.0,0.0,0.0,0.0,1.0,1.0,1.0,0.0,1.0,2.409e-05,,,,,,,,,,
225,AlCrFeCoNi2,0.09933333333333333,1.0,0.0,0.0,0.0,0.0,1.0,1.0,0.0,0.0,,42.7,575527777.5,,,2873451000.0,,,,,
226,AlCrFeCoNi2,0.16666666666666666,0.0,0.0,0.0,0.0,1.0,1.0,1.0,0.0,0.0,1.465e-05,,,,,,,,,,
227,AlCrFeCoNi2,0.3,0.0,0.0,0.0,0.0,1.0,1.0,1.0,0.0,0.0,1.4800000000000002e-05,,,,,,,,,,
228,AlCrFeCoNi3,0.09933333333333333,1.0,0.0,0.0,0.0,0.0,1.0,1.0,0.0,0.0,,,,,,,14.0,,,,
229,AlCrFeCoSiNi,0.09933333333333333,1.0,0.0,0.0,0.0,0.0,1.0,0.0,0.0,1.0,,,2411000000.0,,,,,,2950000000.0,,
230,AlCrFeCuNi,0.091,0.0,0.0,0.0,1.0,0.0,1.0,1.0,0.0,0.0,,,,,,6394164000.0,,,,,
231,AlCrFeCuNi,0.09766666666666667,0.0,0.0,0.0,1.0,0.0,1.0,1.0,0.0,0.0,,5.0,1511000000.0,,,,,,,,
232,AlCrFeCuNi,0.09933333333333333,1.0,0.0,0.0,0.0,0.0,1.0,1.0,0.0,0.0,,,,,,3353994000.0,,,,,
233,AlCrFeCuNi,0.09933333333333333,1.0,0.0,0.0,0.0,1.0,1.0,1.0,0.0,0.0,,,,,,4854465000.0,,,,,
234,AlCrFeCuNi,0.22433333333333333,0.0,0.0,0.0,1.0,0.0,1.0,1.0,0.0,0.0,,17.0,1366000000.0,,,,,,,,
235,AlCrFeCuNi,0.291,0.0,0.0,0.0,1.0,0.0,1.0,1.0,0.0,0.0,,35.0,410000000.0,,,,,,,,
236,AlCrFeCuNi,0.35766666666666663,0.0,0.0,0.0,1.0,0.0,1.0,1.0,0.0,0.0,,35.0,48000000.0,,,,,,,,
237,AlCrFeNi,0.09933333333333333,1.0,0.0,0.0,0.0,0.0,1.0,0.0,0.0,0.0,,34.6,1124600000.0,,,4628904000.0,,,2927000000.0,,
238,AlCrFeNi2,0.09933333333333333,1.0,0.0,0.0,0.0,0.0,1.0,1.0,0.0,0.0,,,,,,,6.4,774000000.0,,1357000000.0,
239,AlCrFeNiMo,0.09933333333333333,1.0,0.0,0.0,0.0,0.0,1.0,0.0,0.0,1.0,,,,,,8875335000.0,,,,,
240,AlFeCoCuNi,0.09933333333333333,1.0,0.0,0.0,0.0,0.0,1.0,1.0,0.0,0.0,,24.5,994000000.0,,,4547505900.0,,,,,
241,AlFeCoCuNi2,0.09933333333333333,1.0,0.0,0.0,0.0,0.0,1.0,1.0,0.0,0.0,,,544000000.0,,,2934254400.0,,,,,
242,AlFeCoCuNi3,0.09933333333333333,1.0,0.0,0.0,0.0,0.0,0.0,1.0,0.0,0.0,,,268000000.0,,,2742037200.0,,,,,
243,AlFeCoCuSiNi,0.09933333333333333,1.0,0.0,0.0,0.0,0.0,1.0,1.0,0.0,0.0,,,,,,6688374000.0,,,,,
244,AlFeCoNi,0.09933333333333333,1.0,0.0,0.0,0.0,0.0,1.0,0.0,0.0,0.0,,,964000000.0,,,4471992000.0,,,,,
245,AlVCrFeCoCuNi,0.09933333333333333,1.0,0.0,0.0,0.0,0.0,1.0,1.0,0.0,0.0,,16.0,1469000000.0,,,,,,,,
246,Cr(CoNi)2,0.09933333333333333,0.0,1.0,0.0,0.0,1.0,0.0,1.0,0.0,0.0,,,,,,,65.75,521250000.0,,687250000.0,223000000000.0
247,Cr0.2Fe1Co1Si0.2Ni1,0.09933333333333333,0.0,0.0,0.0,0.0,0.0,0.0,1.0,0.0,0.0,,,,,,3120587400.0,10.0,705000000.0,,1070000000.0,
248,Cr0.2Fe1Co1Si0.2Ni1,0.09933333333333333,0.0,0.0,0.0,0.0,1.0,0.0,1.0,0.0,0.0,,,,,,1508316600.0,60.0,320000000.0,,920000000.0,
249,Cr0.2Fe1Co1Si0.2Ni1,0.09933333333333333,1.0,0.0,0.0,0.0,0.0,0.0,1.0,0.0,0.0,,,,,,1275890700.0,61.0,225000000.0,,732000000.0,
250,Cr10Fe3Co17Ni17Mo3,0.09933333333333333,0.0,1.0,0.0,0.0,0.0,0.0,1.0,0.0,0.0,,,,,,,8.0,,,,
251,Cr10Fe3Co17Ni17Mo3,0.09933333333333333,0.0,1.0,0.0,0.0,1.0,0.0,1.0,0.0,0.0,,,,,,,44.833333333333336,689400000.0,,1300000000.0,
252,Cr12.5Fe55Co17.5Ni10Mo5,0.09933333333333333,0.0,1.0,0.0,0.0,1.0,0.0,1.0,0.0,1.0,,,,,,,78.225,309000000.0,,717250000.0,
253,Cr12.5Fe55Co18Ni7Mo7.5,0.09933333333333333,0.0,1.0,0.0,0.0,1.0,0.0,1.0,0.0,1.0,,,,,,,52.225,549250000.0,,950000000.0,
254,Cr16.7Fe16.7Co16.7Cu16.7Ni33.3,0.09933333333333333,1.0,0.0,0.0,0.0,0.0,0.0,1.0,0.0,0.0,,,,,,1549506000.0,,,,,
255,Cr16.7Fe33.3Co16.7Cu16.7Ni16.7,0.09933333333333333,1.0,0.0,0.0,0.0,0.0,0.0,1.0,0.0,0.0,,,,,,1539699000.0,,,,,
256,Cr1Fe1Co1Cu0.5Ni1,0.09933333333333333,1.0,0.0,0.0,0.0,0.0,0.0,1.0,0.0,0.0,,,,,,1686804000.0,,,,,
257,Cr1Fe1Co1Ni1Mo0.15,0.09933333333333333,0.0,1.0,0.0,0.0,1.0,0.0,1.0,0.0,0.0,,,,,,,,1218500000.0,,1369000000.0,
258,Cr1Fe1Co1Ni1Mo0.15,0.09933333333333333,1.0,0.0,0.0,0.0,0.0,0.0,1.0,0.0,0.0,,,,,,,,489000000.0,,895000000.0,
259,Cr1Fe1Co1Ni1Mo0.2,0.09933333333333333,1.0,0.0,0.0,0.0,0.0,0.0,1.0,0.0,0.0,,,,,,,53.0,400000000.0,,780000000.0,
260,Cr1Fe1Co1Ni1Mo0.2,0.09933333333333333,1.0,0.0,0.0,0.0,1.0,0.0,1.0,0.0,0.0,,,,,,,39.0,,,840800000.0,
261,Cr1Fe1Co1Ni1Mo0.3,0.09933333333333333,1.0,0.0,0.0,0.0,0.0,0.0,1.0,0.0,1.0,,58.0,305000000.0,,,,,,,,
262,Cr1Fe1Co1Ni1Mo0.5,0.09933333333333333,1.0,0.0,0.0,0.0,0.0,0.0,1.0,0.0,1.0,,33.0,510000000.0,,,2059470000.0,,,,,
263,Cr1Fe1Co1Ni1Mo0.85,0.09933333333333333,1.0,0.0,0.0,0.0,0.0,0.0,1.0,0.0,1.0,,21.0,929000000.0,,,,,,,,
264,Cr1Fe1Co1Ni1W0.2,0.09933333333333333,1.0,0.0,0.0,0.0,0.0,0.0,1.0,0.0,0.0,,52.0,335000000.0,,,2392908000.0,,,,,
265,Cr1Fe1Co1Ni1W0.3,0.09933333333333333,1.0,0.0,0.0,0.0,0.0,0.0,1.0,0.0,1.0,,52.0,335000000.0,,,2353680000.0,,,,,
266,Cr1Fe1Co1Ni1W0.5,0.09933333333333333,0.0,0.0,0.0,0.0,0.0,0.0,1.0,0.0,1.0,,,532500000.0,,,2645928600.0,,,,,
267,Cr1Fe1Co1Ni1W0.5,0.09933333333333333,0.0,0.0,0.0,0.0,1.0,0.0,1.0,0.0,1.0,,44.599999999999994,861950000.0,,,3116664600.0,,,,,
268,Cr1Fe1Co1Ni1W0.5,0.09933333333333333,1.0,0.0,0.0,0.0,0.0,0.0,1.0,0.0,1.0,,35.6,556000000.0,,,3509925300.0,,,,,
269,Cr21.3Fe15Co21.3Cu21.3Ni21.3,0.09933333333333333,1.0,0.0,0.0,0.0,0.0,0.0,1.0,0.0,0.0,,,,,,1676996999.9999998,,,,,
270,Cr21.3Fe21.3Co21.3Cu21.3Ni15,0.09933333333333333,1.0,0.0,0.0,0.0,0.0,0.0,1.0,0.0,0.0,,,,,,1637769000.0,,,,,
271,Cr21.5Fe20Co28.5Ni26Mo4,0.09933333333333333,0.0,0.0,1.0,0.0,0.0,0.0,1.0,0.0,1.0,,,,,,3353994000.0,,,,,
272,Cr21.5Fe20Co28.5Ni26Mo4,0.09933333333333333,0.0,0.0,1.0,0.0,1.0,0.0,1.0,0.0,1.0,,,,,,3342961125.0,,,,,
273,Cr22.5Fe10Co22.5Cu22.5Ni22.5,0.09933333333333333,1.0,0.0,0.0,0.0,0.0,0.0,1.0,0.0,0.0,,,,,,1686804000.0,,,,,
274,Cr22.5Fe22.5Co22.5Cu22.5Ni10,0.09933333333333333,1.0,0.0,0.0,0.0,0.0,0.0,1.0,0.0,0.0,,,,,,1667190000.0,,,,,
275,Cr23.8Fe5Co23.8Cu23.8Ni23.8,0.09933333333333333,1.0,0.0,0.0,0.0,0.0,0.0,1.0,0.0,0.0,,,,,,1784873999.9999995,,,,,
276,Cr23Fe23Co23Ni23Mo7,0.09933333333333333,0.0,1.0,0.0,0.0,1.0,0.0,1.0,0.0,1.0,,,,,,,27.266666666666666,715300000.0,,1098366666.6666667,
277,Cr23Fe23Co23Ni23Mo7,0.09933333333333333,1.0,0.0,0.0,0.0,0.0,0.0,1.0,0.0,1.0,,,,,,,49.3,305300000.0,,709700000.0,
278,Cr24.1Fe24.1Co24.1Ni24.1Mo3.6,0.091,0.0,0.0,0.0,1.0,0.0,0.0,1.0,0.0,1.0,,,,,,2059470000.0,,,,,
279,Cr2CoNi2,0.09933333333333333,0.0,1.0,0.0,0.0,1.0,0.0,1.0,0.0,0.0,,,,,,,51.0,432750000.0,,669750000.0,240000000000.0
280,Cr3Fe4Co7(Ni2Mo)2,0.09933333333333333,0.0,1.0,0.0,0.0,1.0,0.0,1.0,0.0,0.0,,,,,,,62.4,350000000.0,,918000000.0,
281,Cr3Fe4Co7(Ni2Mo)2,0.09933333333333333,0.0,1.0,0.0,0.0,1.0,0.0,1.0,0.0,1.0,,,,,,,19.78,1045800000.0,,1268000000.0,
282,Cr3Fe4Co7(Ni2Mo)2,0.09933333333333333,1.0,0.0,0.0,0.0,0.0,0.0,1.0,0.0,0.0,,,,,,,21.9,350000000.0,,720000000.0,
283,Cr5Co47.5Ni47.5,0.09933333333333333,0.0,1.0,0.0,0.0,1.0,0.0,1.0,0.0,0.0,,,,,,,,,,,219000000000.0
284,Cr5Fe2Co11Ni2,0.09933333333333333,0.0,1.0,0.0,0.0,1.0,0.0,1.0,1.0,0.0,,,,,,,20.3,392000000.0,,746000000.0,
285,Cr5Fe3(Co3Ni)3,0.09933333333333333,0.0,1.0,0.0,0.0,1.0,0.0,1.0,0.0,0.0,,,,,,,76.1,299000000.0,,841000000.0,
286,Cr5Fe4Co7Ni4,0.09933333333333333,0.0,1.0,0.0,0.0,1.0,0.0,1.0,0.0,0.0,,,,,,,96.2,241000000.0,,721000000.0,
287,Cr5FeCo13Ni,0.09933333333333333,0.0,1.0,0.0,0.0,1.0,0.0,1.0,1.0,0.0,,,,,,,13.3,482000000.0,,857000000.0,
288,Cr7(Fe3W28)3,0.09933333333333333,0.0,0.0,0.0,0.0,0.0,1.0,0.0,0.0,1.0,,,,,,13500000000.0,,,,,
289,CrCoCuNi,0.09933333333333333,1.0,0.0,0.0,0.0,0.0,0.0,1.0,0.0,0.0,,,,,,1794681000.0,,,,,
290,CrCoNi,0.09933333333333333,0.0,1.0,0.0,0.0,0.0,0.0,1.0,0.0,0.0,,,,,,,60.0,300000000.0,,860000000.0,
291,CrCoNi,0.09933333333333333,0.0,1.0,0.0,0.0,1.0,0.0,1.0,0.0,0.0,,,,,,3324573000.0,50.666666666666664,681000000.0,,,
292,CrCoNi,0.09933333333333333,1.0,0.0,0.0,0.0,1.0,0.0,1.0,0.0,0.0,,,,,,,,,,,235000000000.0
293,CrCoNi,0.09938333333333332,1.0,0.0,0.0,0.0,1.0,1.0,0.0,0.0,0.0,,,,,,,31.666666666666668,,,,
294,CrCoNi,0.09999999999999999,1.0,0.0,0.0,0.0,1.0,0.0,1.0,0.0,0.0,1.312e-05,,,,,,,,,,
295,CrCoNi,0.16666666666666666,1.0,0.0,0.0,0.0,1.0,0.0,1.0,0.0,0.0,1.522e-05,,,,,,,,,,
296,CrCoNi,0.22333333333333333,1.0,0.0,0.0,0.0,1.0,0.0,1.0,0.0,0.0,1.593e-05,,,,,,,,,,
297,CrFe3(CoNi)3,0.14833333333333332,1.0,0.0,0.0,0.0,1.0,0.0,1.0,0.0,0.0,9.59e-06,,,,,,,,,,
298,CrFe3(CoNi)3,0.23166666666666666,1.0,0.0,0.0,0.0,1.0,0.0,1.0,0.0,0.0,1.443e-05,,,,,,,,,,
299,CrFe3(CoNi)3,0.375,1.0,0.0,0.0,0.0,1.0,0.0,1.0,0.0,0.0,1.934e-05,,,,,,,,,,
300,CrFeCoCuNi,0.091,1.0,0.0,0.0,0.0,0.0,1.0,1.0,0.0,0.0,,,,,,1569120000.0,,,,,
301,CrFeCoCuNi,0.09933333333333333,1.0,0.0,0.0,0.0,0.0,0.0,1.0,0.0,0.0,,50.2,300000000.0,,,2804802000.0,,,,,
302,CrFeCoNi,0.0014,0.0,0.0,0.0,0.0,1.0,0.0,1.0,0.0,0.0,,,,,,,61.6,680000000.0,,1251000000.0,221000000000.0
303,CrFeCoNi,0.006666666666666666,0.0,0.0,0.0,0.0,1.0,0.0,1.0,0.0,0.0,,,,,,,62.0,,,1240000000.0,
304,CrFeCoNi,0.016666666666666666,0.0,0.0,0.0,0.0,1.0,0.0,1.0,0.0,0.0,,,,,,,68.6,,,1152000000.0,
305,CrFeCoNi,0.025666666666666667,0.0,0.0,0.0,0.0,1.0,0.0,1.0,0.0,0.0,,,,,,,78.0,590000000.0,,1070000000.0,204000000000.0
306,CrFeCoNi,0.06666666666666667,0.0,0.0,0.0,0.0,1.0,0.0,1.0,0.0,0.0,,,,,,,72.0,488000000.0,,790000000.0,194000000000.0
307,CrFeCoNi,0.091,1.0,0.0,0.0,0.0,0.0,0.0,1.0,0.0,0.0,,,,,,928722900.0,,,,,
308,CrFeCoNi,0.09766666666666667,0.0,0.0,0.0,0.0,1.0,0.0,1.0,0.0,0.0,,,,,,,63.0,446000000.0,,664000000.0,189000000000.0
309,CrFeCoNi,0.09933333333333333,0.0,1.0,0.0,0.0,0.0,0.0,1.0,0.0,0.0,,,,,,,39.0,274000000.0,,708000000.0,
310,CrFeCoNi,0.09933333333333333,0.0,1.0,0.0,0.0,1.0,0.0,1.0,0.0,0.0,,,,,,,70.38333333333334,372000000.0,,617400000.0,210000000000.0
311,CrFeCoNi,0.09933333333333333,1.0,0.0,0.0,0.0,0.0,0.0,1.0,0.0,0.0,,79.5,155500000.0,,,1741289625.0,53.45,151500000.0,,442700000.0,204000000000.0
312,CrFeCoNi,0.09933333333333333,1.0,0.0,0.0,0.0,1.0,0.0,1.0,0.0,0.0,1.125e-05,,,,,1122901500.0,70.0,190000000.0,,453000000.0,214000000000.0
313,CrFeCoNi,0.09999999999999999,1.0,0.0,0.0,0.0,1.0,0.0,1.0,0.0,0.0,1.468e-05,,,,,,,,,,
314,CrFeCoNi,0.12433333333333332,1.0,0.0,0.0,0.0,1.0,0.0,1.0,0.0,0.0,1.509e-05,,,,,,,,,,
315,CrFeCoNi,0.16666666666666666,1.0,0.0,0.0,0.0,1.0,0.0,1.0,0.0,0.0,1.653e-05,,,,,,,,,,
316,CrFeCoNi,0.19999999999999998,1.0,0.0,0.0,0.0,1.0,0.0,1.0,0.0,0.0,1.64e-05,,,,,,,,,,
317,CrFeCoNi,0.22333333333333333,1.0,0.0,0.0,0.0,1.0,0.0,1.0,0.0,0.0,1.703e-05,,,,,,,,,,
318,CrFeCoNi,0.35766666666666663,1.0,0.0,0.0,0.0,1.0,0.0,1.0,0.0,0.0,2.412e-05,,,,,,,,,,
319,CrFeCoNiGe,0.09933333333333333,1.0,0.0,0.0,0.0,0.0,1.0,1.0,0.0,0.0,,,,,,5490000000.0,,,,,174000000000.0
320,CrFeCoNiPd,0.091,1.0,0.0,0.0,0.0,0.0,0.0,1.0,0.0,0.0,,,,,,2893065000.0,,,,,
321,CrFeCuNiMo,0.09933333333333333,1.0,0.0,0.0,0.0,0.0,0.0,1.0,0.0,0.0,,,,,,2579241000.0,,,,,
322,CrFeNi,0.09933333333333333,1.0,0.0,0.0,0.0,1.0,1.0,1.0,0.0,0.0,,,,,,,,,,,190000000000.0
323,CrFeNi,0.09999999999999999,1.0,0.0,0.0,0.0,1.0,1.0,1.0,0.0,0.0,1.445e-05,,,,,,,,,,
324,CrFeNi,0.16666666666666666,1.0,0.0,0.0,0.0,1.0,1.0,1.0,0.0,0.0,1.595e-05,,,,,,,,,,
325,CrFeNi,0.22333333333333333,1.0,0.0,0.0,0.0,1.0,1.0,1.0,0.0,0.0,1.685e-05,,,,,,,,,,
326,Fe0.86Ni2.01W97.13,0.09866666666666667,0.0,0.0,0.0,0.0,0.0,1.0,1.0,0.0,0.0,,,,,,,,594000000.0,,,
327,Fe1.49Ni3.48W95,0.09866666666666667,0.0,0.0,0.0,0.0,0.0,1.0,1.0,0.0,0.0,,,,,,,,600000000.0,,,
328,Fe1Co1Si0.25Ni1,0.09933333333333333,1.0,0.0,0.0,0.0,0.0,0.0,1.0,0.0,0.0,,,196000000.0,,,1461243000.0,,,,,
329,Fe1Co1Si0.5Ni1,0.09933333333333333,1.0,0.0,0.0,0.0,0.0,0.0,1.0,0.0,1.0,,,476000000.0,,,2814609000.0,,,,,
330,Fe1Co1Si0.75Ni1,0.09933333333333333,1.0,0.0,0.0,0.0,0.0,0.0,1.0,0.0,1.0,,,1301000000.0,,,5589990000.0,,,,,
331,Fe2.19Ni5.33W92.5,0.09866666666666667,0.0,0.0,0.0,0.0,0.0,1.0,1.0,0.0,0.0,,,,,,,,616000000.0,,,
332,Fe2.95Ni6.78W90,0.09866666666666667,0.0,0.0,0.0,0.0,0.0,1.0,1.0,0.0,0.0,,,,,,,,621000000.0,,,
333,FeCoCuNi,0.09933333333333333,1.0,0.0,0.0,0.0,0.0,0.0,1.0,0.0,0.0,,,,,,,,,,480000000.0,
334,FeCoNi,0.09933333333333333,0.0,1.0,0.0,0.0,0.0,0.0,1.0,0.0,0.0,,,,,,,23.0,211000000.0,,513000000.0,
335,FeCoNi,0.09933333333333333,0.0,1.0,0.0,0.0,1.0,0.0,1.0,0.0,0.0,,,,,,,47.5,231333333.33333334,,489333333.3333333,161000000000.0
336,FeCoNi,0.09933333333333333,1.0,0.0,0.0,0.0,0.0,0.0,1.0,0.0,0.0,,,206500000.0,,,1225875000.0,,,,,
337,FeCoNi,0.09933333333333333,1.0,0.0,0.0,0.0,1.0,0.0,1.0,0.0,0.0,,,,,,,,,,,175000000000.0
338,FeCoNi,0.09999999999999999,1.0,0.0,0.0,0.0,1.0,0.0,1.0,0.0,0.0,1.195e-05,,,,,,,,,,
339,FeCoNi,0.14833333333333332,1.0,0.0,0.0,0.0,1.0,0.0,1.0,0.0,0.0,1.108e-05,,,,,,,,,,
340,FeCoNi,0.16666666666666666,1.0,0.0,0.0,0.0,1.0,0.0,1.0,0.0,0.0,1.55e-05,,,,,,,,,,
341,FeCoNi,0.22333333333333333,1.0,0.0,0.0,0.0,1.0,0.0,1.0,0.0,0.0,1.263e-05,,,,,,,,,,
342,FeCoNi,0.23166666666666666,1.0,0.0,0.0,0.0,1.0,0.0,1.0,0.0,0.0,1.1e-05,,,,,,,,,,
343,FeCoNi,0.375,1.0,0.0,0.0,0.0,1.0,0.0,1.0,0.0,0.0,1.708e-05,,,,,,,,,,
344,Hf0.2Zr1Ta1Nb1,0.09766666666666667,1.0,0.0,0.0,0.0,0.0,1.0,0.0,1.0,0.0,,,,,9.575,,,,,,
345,Hf0.2Zr1Ta1Nb1,0.09766666666666667,1.0,0.0,0.0,0.0,1.0,1.0,0.0,1.0,0.0,,,,,9.58,,,,,,
346,Hf0.2Zr1Ta1Nb1,0.09933333333333333,1.0,0.0,0.0,0.0,0.0,1.0,0.0,1.0,0.0,,,721000000.0,,,3470697300.0,,,984000000.0,,
347,Hf0.2Zr1Ta1Nb1,0.09933333333333333,1.0,0.0,0.0,0.0,1.0,1.0,0.0,1.0,0.0,,,793000000.0,,,3534442800.0,,,1085000000.0,,
348,Hf0.2Zr1Ta1Nb1Cr0.3,0.09766666666666667,1.0,0.0,0.0,0.0,0.0,1.0,0.0,1.0,1.0,,,,,10.324000000000002,,,,,,
349,Hf0.2Zr1Ta1Nb1Cr0.3,0.09766666666666667,1.0,0.0,0.0,0.0,1.0,1.0,0.0,1.0,1.0,,,,,9.952,,,,,,
350,Hf0.2Zr1Ta1Nb1Cr0.3,0.09933333333333333,1.0,0.0,0.0,0.0,0.0,1.0,0.0,1.0,1.0,,14.9,855000000.0,,,4304292299.999999,,,985000000.0,,
351,Hf0.2Zr1Ta1Nb1Cr0.3,0.09933333333333333,1.0,0.0,0.0,0.0,1.0,1.0,0.0,1.0,1.0,,6.2,945000000.0,,,4327829100.0,,,980000000.0,,
352,Hf0.2Zr1Ta1Nb1Cr0.5,0.09766666666666667,1.0,0.0,0.0,0.0,0.0,1.0,0.0,1.0,1.0,,,,,10.32,,,,,,
353,Hf0.2Zr1Ta1Nb1Cr0.5,0.09766666666666667,1.0,0.0,0.0,0.0,1.0,1.0,0.0,1.0,1.0,,,,,9.713,,,,,,
354,Hf0.2Zr1Ta1Nb1Cr0.5,0.09933333333333333,1.0,0.0,0.0,0.0,0.0,1.0,0.0,1.0,1.0,,14.2,932000000.0,,,4587714600.0,,,1025000000.0,,
355,Hf0.2Zr1Ta1Nb1Cr0.5,0.09933333333333333,1.0,0.0,0.0,0.0,1.0,1.0,0.0,1.0,1.0,,7.0,1021000000.0,,,4866233400.0,,,1081000000.0,,
356,Hf0.2Zr1Ta1Nb1Cr0.75,0.09766666666666667,1.0,0.0,0.0,0.0,0.0,1.0,0.0,1.0,1.0,,,,,10.194,,,,,,
357,Hf0.2Zr1Ta1Nb1Cr0.75,0.09766666666666667,1.0,0.0,0.0,0.0,1.0,1.0,0.0,1.0,1.0,,,,,9.653,,,,,,
358,Hf0.2Zr1Ta1Nb1Cr0.75,0.09933333333333333,1.0,0.0,0.0,0.0,0.0,1.0,0.0,1.0,1.0,,12.1,993000000.0,,,4888789500.0,,,1177000000.0,,
359,Hf0.2Zr1Ta1Nb1Cr0.75,0.09933333333333333,1.0,0.0,0.0,0.0,1.0,1.0,0.0,1.0,1.0,,8.2,1181000000.0,,,5098659300.0,,,1221000000.0,,
360,Hf0.2Zr1Ta1Nb1Cr1,0.09766666666666667,1.0,0.0,0.0,0.0,0.0,1.0,0.0,1.0,1.0,,,,,10.056,,,,,,
361,Hf0.2Zr1Ta1Nb1Cr1,0.09766666666666667,1.0,0.0,0.0,0.0,1.0,1.0,0.0,1.0,1.0,,,,,9.413,,,,,,
362,Hf0.2Zr1Ta1Nb1Cr1,0.09933333333333333,1.0,0.0,0.0,0.0,0.0,1.0,0.0,1.0,1.0,,9.2,1389000000.0,,,5206536300.0,,,1420000000.0,,
363,Hf0.2Zr1Ta1Nb1Cr1,0.09933333333333333,1.0,0.0,0.0,0.0,1.0,1.0,0.0,1.0,1.0,,8.5,1502000000.0,,,5563511099.999999,,,1548000000.0,,
364,Hf0.4Zr0.64Ta1.54Ti0.89Nb1.54,0.09933333333333333,1.0,0.0,0.0,0.0,0.0,1.0,0.0,0.0,0.0,,,845000000.0,,,,,,,,
365,Hf0.4Zr0.64Ta1.54Ti0.89Nb1.54,0.111,1.0,0.0,0.0,0.0,0.0,1.0,0.0,0.0,0.0,,,795000000.0,,,,,,,,
366,Hf0.4Zr0.64Ta1.54Ti0.89Nb1.54,0.12433333333333332,1.0,0.0,0.0,0.0,0.0,1.0,0.0,0.0,0.0,,,765000000.0,,,,,,,,
367,Hf0.4Zr0.64Ta1.54Ti0.89Nb1.54,0.15766666666666665,1.0,0.0,0.0,0.0,0.0,1.0,0.0,0.0,0.0,,,650000000.0,,,,,,,,
368,Hf0.4Zr0.64Ta1.54Ti0.89Nb1.54,0.191,1.0,0.0,0.0,0.0,0.0,1.0,0.0,0.0,0.0,,,590000000.0,,,,,,,,
369,Hf0.5Zr1Ta0.5Ti1.5Nb0.5,0.0,1.0,0.0,0.0,0.0,0.0,1.0,0.0,0.0,0.0,,,,3.817,,,,,,,
370,Hf0.5Zr1Ta0.5Ti1.5Nb0.5,0.09933333333333333,1.0,0.0,0.0,0.0,0.0,1.0,0.0,0.0,0.0,,,,,,2951907000.0,18.9,903000000.0,,990000000.0,
371,Hf0.5Zr1Ta0.5Ti1.5Nb0.5,0.09938333333333332,1.0,0.0,0.0,0.0,0.0,1.0,0.0,0.0,0.0,,,,,,,18.8,,,,
372,Hf0.5Zr1Ti1Nb1Mo0.5,0.0,1.0,0.0,0.0,0.0,0.0,1.0,0.0,0.0,0.0,,,,3.117,,,,,,,
373,Hf0.5Zr1Ti1Nb1Mo0.5,0.09933333333333333,1.0,0.0,0.0,0.0,0.0,1.0,0.0,0.0,0.0,,,1176000000.0,,,,,,1538000000.0,,
374,Hf0.5Zr1Ti1Nb1Mo0.5,0.09933333333333333,1.0,0.0,0.0,0.0,0.0,1.0,0.0,0.0,1.0,,,1150000000.0,,,3922800000.0,,,1500000000.0,,
375,Hf0.5Zr1Ti1Nb1Mo1,0.0,1.0,0.0,0.0,0.0,0.0,1.0,0.0,0.0,0.0,,,,2.997,,,,,,,
376,Hf0.5Zr1Ti1Nb1Si0.1Mo0.5,0.09933333333333333,1.0,0.0,0.0,0.0,0.0,1.0,0.0,0.0,1.0,,,1350000000.0,,,4334694000.0,,,2150000000.0,,
377,Hf0.5Zr1Ti1Nb1Si0.3Mo0.5,0.09933333333333333,1.0,0.0,0.0,0.0,0.0,1.0,0.0,0.0,1.0,,,1370000000.0,,,4844658000.0,,,1950000000.0,,
378,Hf0.5Zr1Ti1Nb1Si0.5Mo0.5,0.09933333333333333,1.0,0.0,0.0,0.0,0.0,1.0,0.0,0.0,1.0,,,1600000000.0,,,5138868000.0,,,1900000000.0,,
379,Hf0.5Zr1Ti1Nb1Si0.7Mo0.5,0.09933333333333333,1.0,0.0,0.0,0.0,0.0,1.0,0.0,0.0,1.0,,,1550000000.0,,,5688060000.0,,,1900000000.0,,
380,Hf0.5Zr1Ti1Nb1Si0.9Mo0.5,0.09933333333333333,1.0,0.0,0.0,0.0,0.0,1.0,0.0,0.0,1.0,,,1650000000.0,,,6276480000.0,,,2000000000.0,,
381,Hf0.5Zr1Ti2Nb0.25V1,0.09933333333333333,1.0,0.0,0.0,0.0,0.0,1.0,0.0,0.0,0.0,,50.0,1115000000.0,,,3259846800.0,,,,,
382,Hf0.5Zr1Ti2Nb0.5V1,0.09933333333333333,1.0,0.0,0.0,0.0,0.0,1.0,0.0,0.0,0.0,,50.0,1065000000.0,,,3162757500.0,,,,,
383,Hf0.5Zr1Ti2Nb0.5V1,0.291,1.0,0.0,0.0,0.0,0.0,1.0,0.0,0.0,0.0,,50.0,718000000.0,,,3162757500.0,,,,,
384,Hf0.5Zr1Ti2Nb0.5V1,0.35766666666666663,1.0,0.0,0.0,0.0,0.0,1.0,0.0,0.0,0.0,,50.0,135000000.0,,,3162757500.0,,,,,
385,Hf0.5Zr1Ti2Nb0.75V1,0.09933333333333333,1.0,0.0,0.0,0.0,0.0,1.0,0.0,0.0,0.0,,50.0,1025000000.0,,,3127452300.0,,,,,
386,Hf0.5Zr1Ti2Nb1V1,0.09933333333333333,1.0,0.0,0.0,0.0,0.0,1.0,0.0,0.0,0.0,,50.0,980000000.0,,,3044092800.0,,,,,
387,Hf0.5Zr1Ti2Nb1V1,0.291,1.0,0.0,0.0,0.0,0.0,1.0,0.0,0.0,0.0,,50.0,859000000.0,,,3044092800.0,,,,,
388,Hf0.5Zr1Ti2Nb1V1,0.35766666666666663,1.0,0.0,0.0,0.0,0.0,1.0,0.0,0.0,0.0,,50.0,195000000.0,,,3044092800.0,,,,,
389,Hf0.5Zr1Ti2V1,0.09933333333333333,1.0,0.0,0.0,0.0,0.0,1.0,0.0,0.0,0.0,,50.0,1160000000.0,,,3317708100.0,,,,,
390,Hf0.5Zr1Ti2V1,0.291,1.0,0.0,0.0,0.0,0.0,1.0,0.0,0.0,0.0,,50.0,405000000.0,,,3317708100.0,,,,,
391,Hf0.5Zr1Ti2V1,0.35766666666666663,1.0,0.0,0.0,0.0,0.0,1.0,0.0,0.0,0.0,,50.0,85000000.0,,,3317708100.0,,,,,
392,Hf0.6Zr1Ta1Ti1Nb1Al0.4,0.09866666666666667,0.0,0.0,1.0,0.0,1.0,1.0,0.0,0.0,0.0,,,1841000000.0,,9.08,,,,,,
393,Hf0.6Zr1Ta1Ti1Nb1Al0.4,0.09933333333333333,0.0,0.0,1.0,0.0,1.0,1.0,0.0,0.0,0.0,,10.0,1841000000.0,,,4903500000.0,,,2269000000.0,,
394,Hf0.6Zr1Ta1Ti1Nb1Al0.4,0.35766666666666663,0.0,0.0,1.0,0.0,1.0,1.0,0.0,0.0,0.0,,50.0,796000000.0,,,,,,834000000.0,,
395,Hf0.6Zr1Ta1Ti1Nb1Al0.4,0.42433333333333334,0.0,0.0,1.0,0.0,1.0,1.0,0.0,0.0,0.0,,50.0,298000000.0,,9.08,,,,455000000.0,,
396,Hf0.6Zr1Ta1Ti1Nb1Al0.4,0.491,0.0,0.0,1.0,0.0,1.0,1.0,0.0,0.0,0.0,,,89000000.0,,9.08,,,,,,
397,Hf0.75Zr1.25Ta0.5Ti1.5Nb1,0.0014,0.0,1.0,0.0,0.0,0.0,1.0,0.0,0.0,0.0,,,2230000000.0,,,,,,,,
398,Hf0.75Zr1.25Ta0.5Ti1.5Nb1,0.0014,0.0,1.0,0.0,0.0,1.0,1.0,0.0,0.0,0.0,,,2390000000.0,,,,,,,,
399,Hf0.75Zr1.25Ta0.5Ti1.5Nb1,0.025666666666666667,0.0,1.0,0.0,0.0,0.0,1.0,0.0,0.0,0.0,,,1815000000.0,,,,,,,,
400,Hf0.75Zr1.25Ta0.5Ti1.5Nb1,0.025666666666666667,0.0,1.0,0.0,0.0,1.0,1.0,0.0,0.0,0.0,,,1920000000.0,,,,,,,,
401,Hf0.75Zr1.25Ta0.5Ti1.5Nb1,0.04,0.0,1.0,0.0,0.0,0.0,1.0,0.0,0.0,0.0,,,1595000000.0,,,,,,,,
402,Hf0.75Zr1.25Ta0.5Ti1.5Nb1,0.04,0.0,1.0,0.0,0.0,1.0,1.0,0.0,0.0,0.0,,,1370000000.0,,,,,,,,
403,Hf0.75Zr1.25Ta0.5Ti1.5Nb1,0.056666666666666664,0.0,1.0,0.0,0.0,0.0,1.0,0.0,0.0,0.0,,,1375000000.0,,,,,,,,
404,Hf0.75Zr1.25Ta0.5Ti1.5Nb1,0.056666666666666664,0.0,1.0,0.0,0.0,1.0,1.0,0.0,0.0,0.0,,,1250000000.0,,,,,,,,
405,Hf0.75Zr1.25Ta0.5Ti1.5Nb1,0.07666666666666666,0.0,1.0,0.0,0.0,0.0,1.0,0.0,0.0,0.0,,,1190000000.0,,,,,,,,
406,Hf0.75Zr1.25Ta0.5Ti1.5Nb1,0.07666666666666666,0.0,1.0,0.0,0.0,1.0,1.0,0.0,0.0,0.0,,,1020000000.0,,,,,,,,
407,Hf0.75Zr1.25Ta0.5Ti1.5Nb1,0.09933333333333333,0.0,1.0,0.0,0.0,0.0,1.0,0.0,0.0,0.0,,,1125000000.0,,,,,,,,
408,Hf0.75Zr1.25Ta0.5Ti1.5Nb1,0.09933333333333333,0.0,1.0,0.0,0.0,1.0,1.0,0.0,0.0,0.0,,,890000000.0,,,,,,,,
409,Hf0.75Zr1.25Ta0.5Ti1.5Nb1,0.11499999999999999,0.0,1.0,0.0,0.0,0.0,1.0,0.0,0.0,0.0,,,1030000000.0,,,,,,,,
410,Hf0.75Zr1.25Ta0.5Ti1.5Nb1,0.11499999999999999,0.0,1.0,0.0,0.0,1.0,1.0,0.0,0.0,0.0,,,640000000.0,,,,,,,,
411,Hf1.5Zr1Ti1Nb1Mo1,0.0,1.0,0.0,0.0,0.0,0.0,1.0,0.0,0.0,0.0,,,,3.162,,,,,,,
412,Hf19.67Zr19.51Ta20.78Ti20.67Nb19.28,0.09933333333333333,0.0,0.0,0.0,0.0,0.0,1.0,0.0,0.0,0.0,,,,,,5325000000.0,,,,,
413,Hf1Ti1Nb1V0.5Mo0.5,0.09866666666666667,1.0,0.0,0.0,0.0,0.0,1.0,0.0,0.0,0.0,,,1260000000.0,,8.96,,,,,,
414,Hf1Ti1Nb1V0.5Mo0.5,0.09933333333333333,1.0,0.0,0.0,0.0,0.0,1.0,0.0,0.0,0.0,,,1260000000.0,,,,,,,,
415,Hf1Ti1Nb1V0.5Mo0.5,0.42433333333333334,1.0,0.0,0.0,0.0,0.0,1.0,0.0,0.0,0.0,,,368000000.0,,8.96,,,,394000000.0,,
416,Hf1Ti1Nb1V0.5Mo0.5,0.491,1.0,0.0,0.0,0.0,0.0,1.0,0.0,0.0,0.0,,,60000000.0,,8.96,,,,,,
417,Hf1Ti1Nb1V0.5Si0.3Mo0.5,0.09866666666666667,1.0,0.0,0.0,0.0,0.0,1.0,0.0,0.0,1.0,,,1617000000.0,,8.46,,,,,,
418,Hf1Ti1Nb1V0.5Si0.3Mo0.5,0.09933333333333333,1.0,0.0,0.0,0.0,0.0,1.0,0.0,0.0,1.0,,,1617000000.0,,,,,,2016000000.0,,
419,Hf1Ti1Nb1V0.5Si0.3Mo0.5,0.42433333333333334,1.0,0.0,0.0,0.0,0.0,1.0,0.0,0.0,1.0,,,398000000.0,,8.46,,,,430000000.0,,
420,Hf1Ti1Nb1V0.5Si0.3Mo0.5,0.491,1.0,0.0,0.0,0.0,0.0,1.0,0.0,0.0,1.0,,,166000000.0,,8.46,,,,187000000.0,,
421,Hf1Ti1Nb1V0.5Si0.5Mo0.5,0.09866666666666667,1.0,0.0,0.0,0.0,0.0,1.0,0.0,0.0,1.0,,,1787000000.0,,8.16,,,,,,
422,Hf1Ti1Nb1V0.5Si0.5Mo0.5,0.09933333333333333,1.0,0.0,0.0,0.0,0.0,1.0,0.0,0.0,1.0,,,1787000000.0,,,,,,2052000000.0,,
423,Hf1Ti1Nb1V0.5Si0.5Mo0.5,0.42433333333333334,1.0,0.0,0.0,0.0,0.0,1.0,0.0,0.0,1.0,,,614000000.0,,8.16,,,,696000000.0,,
424,Hf1Ti1Nb1V0.5Si0.5Mo0.5,0.491,1.0,0.0,0.0,0.0,0.0,1.0,0.0,0.0,1.0,,,188000000.0,,8.16,,,,219000000.0,,
425,Hf1Ti1Nb1V0.5Si0.7Mo0.5,0.09866666666666667,1.0,0.0,0.0,0.0,0.0,1.0,0.0,0.0,1.0,,,2134000000.0,,7.89,,,,,,
426,Hf1Ti1Nb1V0.5Si0.7Mo0.5,0.09933333333333333,1.0,0.0,0.0,0.0,0.0,1.0,0.0,0.0,1.0,,,2134000000.0,,,,,,2242000000.0,,
427,Hf1Ti1Nb1V0.5Si0.7Mo0.5,0.42433333333333334,1.0,0.0,0.0,0.0,0.0,1.0,0.0,0.0,1.0,,,673000000.0,,7.89,,,,741000000.0,,
428,Hf1Ti1Nb1V0.5Si0.7Mo0.5,0.491,1.0,0.0,0.0,0.0,0.0,1.0,0.0,0.0,1.0,,,235000000.0,,7.89,,,,268000000.0,,
429,Hf1Ti1Nb1V1Si0.5,0.09933333333333333,1.0,0.0,0.0,0.0,0.0,1.0,0.0,0.0,1.0,,11.0,1399000000.0,,,4805430000.0,,,1608000000.0,,
430,Hf1Ti1Nb1V1Si0.5,0.35766666666666663,1.0,0.0,0.0,0.0,0.0,1.0,0.0,0.0,1.0,,50.0,875000000.0,,,,,,,,
431,Hf1Ti1Nb1V1Si0.5,0.42433333333333334,1.0,0.0,0.0,0.0,0.0,1.0,0.0,0.0,1.0,,50.0,240000000.0,,,,,,,,
432,Hf1Zr0.5Ti1Nb1Mo1,0.0,1.0,0.0,0.0,0.0,0.0,1.0,0.0,0.0,0.0,,,,3.0380000000000003,,,,,,,
433,Hf1Zr1.5Ti1Nb1Mo1,0.0,1.0,0.0,0.0,0.0,0.0,1.0,0.0,0.0,0.0,,,,3.135,,,,,,,
434,Hf1Zr1Ta0.18Ti1.27Nb0.18,0.09933333333333333,0.0,1.0,0.0,0.0,1.0,1.0,0.0,0.0,0.0,,,,,,,,540000000.0,,995000000.0,
435,Hf1Zr1Ta0.18Ti1.27Nb0.18,0.09938333333333332,0.0,0.0,0.0,0.0,0.0,1.0,0.0,0.0,0.0,,,,,,,23.0,,,,
436,Hf1Zr1Ta0.4Ti1,0.09933333333333333,1.0,0.0,0.0,0.0,0.0,1.0,0.0,1.0,0.0,,,,,,,,400000000.0,,1100000000.0,
437,Hf1Zr1Ta0.5Ti1,0.09933333333333333,1.0,0.0,0.0,0.0,0.0,1.0,0.0,1.0,0.0,,,,,,,,700000000.0,,1100000000.0,
438,Hf1Zr1Ta0.5Ti1Nb0.5,0.09938333333333332,1.0,0.0,0.0,0.0,0.0,1.0,0.0,0.0,0.0,,,,,,,14.0,,,,
439,Hf1Zr1Ta0.6Ti1,0.09933333333333333,1.0,0.0,0.0,0.0,0.0,1.0,0.0,1.0,0.0,,,,,,,,800000000.0,,1100000000.0,
440,Hf1Zr1Ta1Ti1Nb1Al0.3,0.09933333333333333,1.0,0.0,0.0,0.0,0.0,1.0,0.0,0.0,0.0,,50.0,1188000000.0,,,3461871000.0,,,,,63000000000.0
441,Hf1Zr1Ta1Ti1Nb1Al0.5,0.09933333333333333,1.0,0.0,0.0,0.0,0.0,1.0,0.0,0.0,0.0,,46.0,1302000000.0,,,3883572000.0,,,,,97000000000.0
442,Hf1Zr1Ta1Ti1Nb1Al0.75,0.09933333333333333,1.0,0.0,0.0,0.0,0.0,1.0,0.0,0.0,0.0,,30.0,1415000000.0,,,4187589000.0,,,2050000000.0,,102000000000.0
443,Hf1Zr1Ta1Ti1Nb1Mo0.25,0.0,1.0,0.0,0.0,0.0,0.0,1.0,0.0,0.0,0.0,,,,3.388,,,,,,,
444,Hf1Zr1Ta1Ti1Nb1Mo0.25,0.09933333333333333,1.0,0.0,0.0,0.0,0.0,1.0,0.0,0.0,0.0,,35.0,1112000000.0,,,3873765000.0,,,,,96000000000.0
445,Hf1Zr1Ta1Ti1Nb1Mo0.5,0.0,1.0,0.0,0.0,0.0,0.0,1.0,0.0,0.0,0.0,,,,3.26,,,,,,,
446,Hf1Zr1Ta1Ti1Nb1Mo0.5,0.09933333333333333,1.0,0.0,0.0,0.0,0.0,1.0,0.0,0.0,0.0,,26.625,1317000000.0,,,4707360000.0,,,,,102000000000.0
447,Hf1Zr1Ta1Ti1Nb1Mo0.75,0.0,1.0,0.0,0.0,0.0,0.0,1.0,0.0,0.0,0.0,,,,3.158,,,,,,,
448,Hf1Zr1Ta1Ti1Nb1Mo0.75,0.09933333333333333,1.0,0.0,0.0,0.0,0.0,1.0,0.0,0.0,0.0,,23.5,1373000000.0,,,4825044000.0,,,,,109000000000.0
449,Hf1Zr1Ti0.5Nb1Mo1,0.0,1.0,0.0,0.0,0.0,0.0,1.0,0.0,0.0,0.0,,,,2.979,,,,,,,
450,Hf1Zr1Ti1.5Nb1Mo1,0.0,1.0,0.0,0.0,0.0,0.0,1.0,0.0,0.0,0.0,,,,3.177,,,,,,,
451,Hf1Zr1Ti1Nb0.5Mo1,0.0,1.0,0.0,0.0,0.0,0.0,1.0,0.0,0.0,0.0,,,,3.13,,,,,,,
452,Hf1Zr1Ti1Nb1.5Mo1,0.0,1.0,0.0,0.0,0.0,0.0,1.0,0.0,0.0,0.0,,,,3.0580000000000003,,,,,,,
453,Hf1Zr1Ti1Nb1Mo1.5,0.0,1.0,0.0,0.0,0.0,0.0,1.0,0.0,0.0,0.0,,,,2.924,,,,,,,
454,Hf1Zr1Ti1Nb1V1Si0.5,0.09933333333333333,1.0,0.0,0.0,0.0,0.0,1.0,0.0,0.0,1.0,,16.8,1540000000.0,,,,,,1643000000.0,,
455,Hf1Zr1Ti1Nb1V1Si0.5,0.09933333333333333,1.0,0.0,0.0,0.0,1.0,1.0,0.0,0.0,1.0,,9.5,1483000000.0,,,,,,1611000000.0,,
456,Hf1Zr1Ti1Nb1V1Si0.5,0.22433333333333333,1.0,0.0,0.0,0.0,1.0,1.0,0.0,0.0,1.0,,14.5,1273000000.0,,,,,,1335000000.0,,
457,Hf1Zr1Ti1Nb1V1Si0.5,0.291,1.0,0.0,0.0,0.0,0.0,1.0,0.0,0.0,1.0,,50.0,920000000.0,,,,,,1252000000.0,,
458,Hf1Zr1Ti1Nb1V1Si0.5,0.291,1.0,0.0,0.0,0.0,1.0,1.0,0.0,0.0,1.0,,50.0,597000000.0,,,,,,651000000.0,,
459,Hf1Zr1Ti1Nb1V1Si0.5,0.35766666666666663,1.0,0.0,0.0,0.0,0.0,1.0,0.0,0.0,1.0,,50.0,371000000.0,,,,,,427000000.0,,
460,Hf1Zr1Ti1Nb1V1Si0.5,0.35766666666666663,1.0,0.0,0.0,0.0,1.0,1.0,0.0,0.0,1.0,,50.0,102000000.0,,,,,,107000000.0,,
461,Hf24Ti38Nb23V15,0.0,1.0,0.0,0.0,0.0,0.0,1.0,0.0,0.0,0.0,,,,3.713,,,,,,,
462,Hf24Ti38Nb23V15,0.09933333333333333,1.0,0.0,0.0,0.0,0.0,1.0,0.0,0.0,0.0,,,,,,,20.0,,,,
463,Hf24Ti38Nb23V15,0.09933333333333333,1.0,0.0,0.0,0.0,1.0,1.0,0.0,0.0,0.0,,,,,,,22.5,,,,
464,Hf2ZrTiNb2,0.0,1.0,0.0,0.0,0.0,0.0,1.0,0.0,0.0,0.0,,,,3.642,,,,,,,
465,Hf35Zr35(Ta7Ti8)2,0.09938333333333332,0.0,0.0,0.0,0.0,0.0,1.0,0.0,0.0,0.0,,,,,,,27.5,,,,
466,Hf35Zr35(Ta7Ti8)2,0.09938333333333332,1.0,0.0,0.0,0.0,0.0,1.0,0.0,0.0,0.0,,,,,,,2.5,,,,
467,Hf8Zr15(Ti5Nb4)3,0.09933333333333333,1.0,0.0,0.0,0.0,0.0,1.0,0.0,0.0,0.0,,,,,,,22.4,720000000.0,,,
468,Hf8Zr15(Ti5Nb4)3,0.09933333333333333,1.0,0.0,0.0,0.0,1.0,1.0,0.0,0.0,0.0,,,,,,,29.8,765000000.0,,,
469,HfTaTiNb,0.09766666666666667,1.0,0.0,0.0,0.0,1.0,1.0,0.0,0.0,0.0,,,847000000.0,,,,,,,,
470,HfTaTiNb,0.09933333333333333,1.0,0.0,0.0,0.0,0.0,1.0,0.0,0.0,0.0,,,,,,2647890000.0,,,,,
471,HfTaTiNb,0.09933333333333333,1.0,0.0,0.0,0.0,1.0,1.0,0.0,0.0,0.0,,,,,,2745960000.0,,,,,
472,HfTaTiNb,0.09938333333333332,1.0,0.0,0.0,0.0,0.0,1.0,0.0,0.0,0.0,,,,,,,10.2,,,,
473,HfTaTiNb,0.09938333333333332,1.0,0.0,0.0,0.0,1.0,1.0,0.0,0.0,0.0,,,,,,,28.0,,,,
474,HfTaTiNb,0.15766666666666665,1.0,0.0,0.0,0.0,1.0,1.0,0.0,0.0,0.0,,,610000000.0,,,,,,,,
475,HfTaTiNb,0.291,1.0,0.0,0.0,0.0,1.0,1.0,0.0,0.0,0.0,,,473000000.0,,,,,,,,
476,HfTaTiNbMo,0.09933333333333333,1.0,0.0,0.0,0.0,0.0,1.0,0.0,0.0,0.0,,27.0,1369000000.0,,,,,,,,
477,HfTaTiNbMo,0.35766666666666663,1.0,0.0,0.0,0.0,0.0,1.0,0.0,0.0,0.0,,,822000000.0,,,,,,,,
478,HfTaTiNbMo,0.42433333333333334,1.0,0.0,0.0,0.0,0.0,1.0,0.0,0.0,0.0,,,778000000.0,,,,,,,,
479,HfTaTiNbMo,0.491,1.0,0.0,0.0,0.0,0.0,1.0,0.0,0.0,0.0,,,699000000.0,,,,,,,,
480,HfTaTiNbMo,0.5576666666666666,1.0,0.0,0.0,0.0,0.0,1.0,0.0,0.0,0.0,,,367000000.0,,,,,,,,
481,HfTiNbV,0.09933333333333333,1.0,0.0,0.0,0.0,0.0,1.0,0.0,0.0,0.0,,,,,,,22.05,,,,
482,HfZrScTi,0.09933333333333333,1.0,0.0,0.0,0.0,0.0,0.0,0.0,1.0,0.0,,21.9,1001000000.0,,,2285031000.0,,,,,
483,HfZrTaNb,0.0,1.0,0.0,0.0,0.0,0.0,1.0,0.0,0.0,0.0,,,,3.3160000000000003,,,,,,,
484,HfZrTaNb,0.09933333333333333,1.0,0.0,0.0,0.0,0.0,1.0,0.0,0.0,0.0,,21.6,1315000000.0,,,3579555000.0,,,1800000000.0,,
485,HfZrTaNb,0.09933333333333333,1.0,0.0,0.0,0.0,1.0,1.0,0.0,1.0,0.0,,1.925,2095000000.0,,,5416733000.0,,,2080000000.0,,
486,HfZrTaNb,0.09938333333333332,1.0,0.0,0.0,0.0,0.0,1.0,0.0,0.0,0.0,,,,,,,2.6,,,,
487,HfZrTaNb,0.09938333333333332,1.0,0.0,0.0,0.0,1.0,1.0,0.0,0.0,0.0,,,,,,,2.5,,,,
488,HfZrTaNbMo,0.09933333333333333,1.0,0.0,0.0,0.0,0.0,1.0,0.0,0.0,0.0,,16.0,1524000000.0,,,,,,,,
489,HfZrTaNbMo,0.35766666666666663,1.0,0.0,0.0,0.0,0.0,1.0,0.0,0.0,0.0,,,1005000000.0,,,,,,,,
490,HfZrTaNbMo,0.42433333333333334,1.0,0.0,0.0,0.0,0.0,1.0,0.0,0.0,0.0,,,927000000.0,,,,,,,,
491,HfZrTaNbMo,0.491,1.0,0.0,0.0,0.0,0.0,1.0,0.0,0.0,0.0,,,694000000.0,,,,,,,,
492,HfZrTaNbMo,0.5576666666666666,1.0,0.0,0.0,0.0,0.0,1.0,0.0,0.0,0.0,,,278000000.0,,,,,,,,
493,HfZrTaTi,0.09933333333333333,1.0,0.0,0.0,0.0,0.0,1.0,0.0,0.0,0.0,,,,,,,,1500000000.0,,1500000000.0,
494,HfZrTaTi,0.09938333333333332,1.0,0.0,0.0,0.0,0.0,1.0,0.0,0.0,0.0,,,,,,,1.2,,,,
495,HfZrTaTi,0.09938333333333332,1.0,0.0,0.0,0.0,1.0,1.0,0.0,0.0,0.0,,,,,,,30.0,,,,
496,HfZrTaTiMo,0.09866666666666667,1.0,0.0,0.0,0.0,0.0,1.0,0.0,0.0,0.0,,,1600000000.0,,10.18,,,,,,
497,HfZrTaTiMo,0.09933333333333333,1.0,0.0,0.0,0.0,0.0,1.0,0.0,0.0,0.0,,4.0,1600000000.0,,,5315394000.0,,,1743000000.0,,
498,HfZrTaTiMo,0.09938333333333332,1.0,0.0,0.0,0.0,0.0,1.0,0.0,0.0,0.0,,4.0,,,,,,,,,
499,HfZrTaTiMo,0.35766666666666663,1.0,0.0,0.0,0.0,0.0,1.0,0.0,0.0,0.0,,19.0,1045000000.0,,,,,,1446000000.0,,
500,HfZrTaTiMo,0.42433333333333334,1.0,0.0,0.0,0.0,0.0,1.0,0.0,0.0,0.0,,30.0,855000000.0,,10.18,,,,,,
501,HfZrTaTiMo,0.491,1.0,0.0,0.0,0.0,0.0,1.0,0.0,0.0,0.0,,30.0,404000000.0,,10.18,,,,,,
502,HfZrTaTiNb,0.0,1.0,0.0,0.0,0.0,0.0,1.0,0.0,0.0,0.0,,,,3.552,,,,,,,
503,HfZrTaTiNb,0.09766666666666667,0.0,1.0,0.0,0.0,1.0,1.0,0.0,0.0,0.0,,,,,,,,,,,88900000000.0
504,HfZrTaTiNb,0.09866666666666667,0.0,0.0,1.0,0.0,1.0,1.0,0.0,0.0,0.0,,,929000000.0,,9.89,,,,,,
505,HfZrTaTiNb,0.09933333333333333,0.0,0.0,0.0,0.0,0.0,1.0,0.0,0.0,0.0,,,,,,3775695000.0,7.9,1900000000.0,,,
506,HfZrTaTiNb,0.09933333333333333,0.0,0.0,0.0,0.0,1.0,1.0,0.0,1.0,0.0,,,,,,4266045000.0,3.35,1157500000.0,,,
507,HfZrTaTiNb,0.09933333333333333,0.0,0.0,0.0,1.0,0.0,1.0,0.0,0.0,0.0,,,,,,4962342000.0,,,,,
508,HfZrTaTiNb,0.09933333333333333,0.0,0.0,1.0,0.0,0.0,1.0,0.0,0.0,0.0,,,,,,2291569000.0,,,,,
509,HfZrTaTiNb,0.09933333333333333,0.0,0.0,1.0,0.0,1.0,1.0,0.0,0.0,0.0,,50.0,929000000.0,,,,,,,,
510,HfZrTaTiNb,0.09933333333333333,0.0,1.0,0.0,0.0,0.0,1.0,0.0,0.0,0.0,,,,,,3589362000.0,4.7,1202000000.0,,1295000000.0,
511,HfZrTaTiNb,0.09933333333333333,0.0,1.0,0.0,0.0,1.0,1.0,0.0,0.0,0.0,,,,,,3236310000.0,11.6,1135312500.0,,1169894444.4444444,
512,HfZrTaTiNb,0.09933333333333333,0.0,1.0,1.0,0.0,0.0,1.0,0.0,0.0,0.0,,,,,,,,1438000000.0,,,91500000000.0
513,HfZrTaTiNb,0.09933333333333333,0.0,1.0,1.0,0.0,1.0,1.0,0.0,0.0,0.0,,,,,,,,1113428571.4285715,,,99850000000.0
514,HfZrTaTiNb,0.09933333333333333,1.0,0.0,0.0,0.0,0.0,1.0,0.0,0.0,0.0,,50.0,970750000.0,,,3233041000.0,9.15,886600000.0,,921800000.0,66333333333.333336
515,HfZrTaTiNb,0.09933333333333333,1.0,0.0,0.0,0.0,1.0,1.0,0.0,0.0,0.0,,,,,,3830000000.0,,,,,
516,HfZrTaTiNb,0.09938333333333332,0.0,0.0,0.0,0.0,0.0,1.0,0.0,0.0,0.0,,,,,,,12.2,,,,
517,HfZrTaTiNb,0.10433333333333333,0.0,1.0,0.0,0.0,1.0,1.0,0.0,0.0,0.0,,,,,,,,,,,88600000000.0
518,HfZrTaTiNb,0.111,0.0,1.0,0.0,0.0,1.0,1.0,0.0,0.0,0.0,,,,,,,,,,,88400000000.0
519,HfZrTaTiNb,0.11766666666666667,0.0,1.0,0.0,0.0,1.0,1.0,0.0,0.0,0.0,,,,,,,,,,,88100000000.0
520,HfZrTaTiNb,0.12433333333333332,0.0,1.0,0.0,0.0,1.0,1.0,0.0,0.0,0.0,,,,,,,,,,,87900000000.0
521,HfZrTaTiNb,0.131,0.0,1.0,0.0,0.0,1.0,1.0,0.0,0.0,0.0,,,,,,,,,,,87700000000.0
522,HfZrTaTiNb,0.13766666666666666,0.0,1.0,0.0,0.0,1.0,1.0,0.0,0.0,0.0,,,,,,,,,,,87500000000.0
523,HfZrTaTiNb,0.14433333333333334,0.0,1.0,0.0,0.0,1.0,1.0,0.0,0.0,0.0,,,,,,,,,,,87300000000.0
524,HfZrTaTiNb,0.151,0.0,1.0,0.0,0.0,1.0,1.0,0.0,0.0,0.0,,,,,,,,,,,87100000000.0
525,HfZrTaTiNb,0.15766666666666665,0.0,1.0,0.0,0.0,1.0,1.0,0.0,0.0,0.0,,,,,,,,,,,86900000000.0
526,HfZrTaTiNb,0.16433333333333333,0.0,1.0,0.0,0.0,1.0,1.0,0.0,0.0,0.0,,,,,,,,,,,86700000000.0
527,HfZrTaTiNb,0.17099999999999999,0.0,1.0,0.0,0.0,1.0,1.0,0.0,0.0,0.0,,,,,,,,,,,86500000000.0
528,HfZrTaTiNb,0.17766666666666667,0.0,1.0,0.0,0.0,1.0,1.0,0.0,0.0,0.0,,,,,,,,,,,86300000000.0
529,HfZrTaTiNb,0.18433333333333332,0.0,1.0,0.0,0.0,1.0,1.0,0.0,0.0,0.0,,,,,,,,,,,86100000000.0
530,HfZrTaTiNb,0.191,0.0,1.0,0.0,0.0,1.0,1.0,0.0,0.0,0.0,,,,,,,,,,,85800000000.0
531,HfZrTaTiNb,0.19766666666666666,0.0,1.0,0.0,0.0,1.0,1.0,0.0,0.0,0.0,,,,,,,,,,,85500000000.0
532,HfZrTaTiNb,0.20433333333333334,0.0,1.0,0.0,0.0,1.0,1.0,0.0,0.0,0.0,,,,,,,,,,,85200000000.0
533,HfZrTaTiNb,0.211,0.0,1.0,0.0,0.0,1.0,1.0,0.0,0.0,0.0,,,,,,,,,,,84900000000.0
534,HfZrTaTiNb,0.21766666666666665,0.0,1.0,0.0,0.0,1.0,1.0,0.0,0.0,0.0,,,,,,,,,,,84500000000.0
535,HfZrTaTiNb,0.22433333333333333,0.0,0.0,1.0,0.0,1.0,1.0,0.0,0.0,0.0,,50.0,790000000.0,,,,,,,,
536,HfZrTaTiNb,0.22433333333333333,0.0,1.0,0.0,0.0,1.0,1.0,0.0,0.0,0.0,,,,,,,,,,,84200000000.0
537,HfZrTaTiNb,0.23099999999999998,0.0,1.0,0.0,0.0,1.0,1.0,0.0,0.0,0.0,,,,,,,,,,,83800000000.0
538,HfZrTaTiNb,0.23766666666666666,0.0,1.0,0.0,0.0,1.0,1.0,0.0,0.0,0.0,,,,,,,,,,,83500000000.0
539,HfZrTaTiNb,0.24433333333333332,0.0,1.0,0.0,0.0,1.0,1.0,0.0,0.0,0.0,,,,,,,,,,,83100000000.0
540,HfZrTaTiNb,0.251,0.0,1.0,0.0,0.0,1.0,1.0,0.0,0.0,0.0,,,,,,,,,,,82700000000.0
541,HfZrTaTiNb,0.25766666666666665,0.0,1.0,0.0,0.0,1.0,1.0,0.0,0.0,0.0,,,,,,,,,,,82300000000.0
542,HfZrTaTiNb,0.2643333333333333,0.0,1.0,0.0,0.0,1.0,1.0,0.0,0.0,0.0,,,,,,,,,,,81900000000.0
543,HfZrTaTiNb,0.271,0.0,1.0,0.0,0.0,1.0,1.0,0.0,0.0,0.0,,,,,,,,,,,81600000000.0
544,HfZrTaTiNb,0.2776666666666667,0.0,1.0,0.0,0.0,1.0,1.0,0.0,0.0,0.0,,,,,,,,,,,81300000000.0
545,HfZrTaTiNb,0.2843333333333333,0.0,1.0,0.0,0.0,1.0,1.0,0.0,0.0,0.0,,,,,,,,,,,81000000000.0
546,HfZrTaTiNb,0.291,0.0,0.0,1.0,0.0,1.0,1.0,0.0,0.0,0.0,,50.0,675000000.0,,,,,,,,
547,HfZrTaTiNb,0.291,0.0,1.0,0.0,0.0,1.0,1.0,0.0,0.0,0.0,,,,,,,,,,,80700000000.0
548,HfZrTaTiNb,0.29766666666666663,0.0,1.0,0.0,0.0,1.0,1.0,0.0,0.0,0.0,,,,,,,,,,,80400000000.0
549,HfZrTaTiNb,0.30433333333333334,0.0,1.0,0.0,0.0,1.0,1.0,0.0,0.0,0.0,,,,,,,,,,,80200000000.0
550,HfZrTaTiNb,0.311,0.0,1.0,0.0,0.0,1.0,1.0,0.0,0.0,0.0,,,,,,,,,,,80000000000.0
551,HfZrTaTiNb,0.31766666666666665,0.0,1.0,0.0,0.0,1.0,1.0,0.0,0.0,0.0,,,,,,,,,,,79800000000.0
552,HfZrTaTiNb,0.3243333333333333,0.0,1.0,0.0,0.0,1.0,1.0,0.0,0.0,0.0,,,,,,,,,,,79600000000.0
553,HfZrTaTiNb,0.331,0.0,1.0,0.0,0.0,1.0,1.0,0.0,0.0,0.0,,,,,,,,,,,79300000000.0
554,HfZrTaTiNb,0.33766666666666667,0.0,1.0,0.0,0.0,1.0,1.0,0.0,0.0,0.0,,,,,,,,,,,79000000000.0
555,HfZrTaTiNb,0.3443333333333333,0.0,1.0,0.0,0.0,1.0,1.0,0.0,0.0,0.0,,,,,,,,,,,78700000000.0
556,HfZrTaTiNb,0.351,0.0,1.0,0.0,0.0,1.0,1.0,0.0,0.0,0.0,,,,,,,,,,,78400000000.0
557,HfZrTaTiNb,0.35766666666666663,0.0,0.0,1.0,0.0,1.0,1.0,0.0,0.0,0.0,,50.0,535000000.0,,,,,,,,
558,HfZrTaTiNb,0.35766666666666663,0.0,1.0,0.0,0.0,1.0,1.0,0.0,0.0,0.0,,,,,,,,,,,78100000000.0
559,HfZrTaTiNb,0.36433333333333334,0.0,1.0,0.0,0.0,1.0,1.0,0.0,0.0,0.0,,,,,,,,,,,77700000000.0
560,HfZrTaTiNb,0.371,0.0,1.0,0.0,0.0,1.0,1.0,0.0,0.0,0.0,,,,,,,,,,,77400000000.0
561,HfZrTaTiNb,0.42433333333333334,0.0,0.0,1.0,0.0,1.0,1.0,0.0,0.0,0.0,,50.0,295000000.0,,9.89,,,,,,
562,HfZrTaTiNb,0.491,0.0,0.0,1.0,0.0,1.0,1.0,0.0,0.0,0.0,,50.0,92000000.0,,9.89,,,,,,
563,HfZrTaTiNbAl,0.09933333333333333,1.0,0.0,0.0,0.0,0.0,1.0,0.0,0.0,1.0,,21.0,1489000000.0,,,4324887000.0,,,1900000000.0,,103000000000.0
564,HfZrTaTiNbMo,0.0,1.0,0.0,0.0,0.0,0.0,1.0,0.0,0.0,0.0,,,,3.073,,,,,,,
565,HfZrTaTiNbMo,0.09866666666666667,1.0,0.0,0.0,0.0,0.0,1.0,0.0,0.0,0.0,,,1512000000.0,,9.93,,,,,,
566,HfZrTaTiNbMo,0.09933333333333333,1.0,0.0,0.0,0.0,0.0,1.0,0.0,0.0,0.0,,12.0,1512000000.0,,,4952535000.0,,,1800000000.0,,115000000000.0
567,HfZrTaTiNbMo,0.09938333333333332,1.0,0.0,0.0,0.0,0.0,1.0,0.0,0.0,0.0,,12.0,,,,,,,,,
568,HfZrTaTiNbMo,0.35766666666666663,1.0,0.0,0.0,0.0,0.0,1.0,0.0,0.0,0.0,,23.0,1007000000.0,,,,,,,,
569,HfZrTaTiNbMo,0.42433333333333334,1.0,0.0,0.0,0.0,0.0,1.0,0.0,0.0,0.0,,30.0,814000000.0,,9.93,,,,,,
570,HfZrTaTiNbMo,0.491,1.0,0.0,0.0,0.0,0.0,1.0,0.0,0.0,0.0,,30.0,556000000.0,,9.93,,,,,,
571,HfZrTaTiNbMoW,0.09933333333333333,1.0,0.0,0.0,0.0,0.0,1.0,0.0,0.0,1.0,,15.5,1637000000.0,,,,,,,,
572,HfZrTaTiNbMoW,0.35766666666666663,1.0,0.0,0.0,0.0,0.0,1.0,0.0,0.0,1.0,,35.0,1065000000.0,,,,,,,,
573,HfZrTaTiNbMoW,0.42433333333333334,1.0,0.0,0.0,0.0,0.0,1.0,0.0,0.0,1.0,,35.0,736000000.0,,,,,,,,
574,HfZrTaTiNbMoW,0.491,1.0,0.0,0.0,0.0,0.0,1.0,0.0,0.0,1.0,,35.0,703000000.0,,,,,,,,
575,HfZrTaTiNbW,0.09933333333333333,1.0,0.0,0.0,0.0,0.0,1.0,0.0,0.0,1.0,,26.3,1550000000.0,,,,,,,,
576,HfZrTaTiNbW,0.35766666666666663,1.0,0.0,0.0,0.0,0.0,1.0,0.0,0.0,1.0,,35.0,577000000.0,,,,,,,,
577,HfZrTaTiNbW,0.42433333333333334,1.0,0.0,0.0,0.0,0.0,1.0,0.0,0.0,1.0,,35.0,409000000.0,,,,,,,,
578,HfZrTaTiNbW,0.491,1.0,0.0,0.0,0.0,0.0,1.0,0.0,0.0,1.0,,35.0,345000000.0,,,,,,,,
579,HfZrTi,0.09933333333333333,1.0,0.0,0.0,0.0,0.0,0.0,0.0,1.0,0.0,,17.0,773000000.0,,,2069277000.0,,,,,
580,HfZrTiNb,0.0,1.0,0.0,0.0,0.0,0.0,1.0,0.0,0.0,0.0,,,,3.6519999999999997,,,,,,,
581,HfZrTiNb,0.091,0.0,1.0,0.0,0.0,1.0,1.0,0.0,0.0,0.0,,,,,,,,,,,69700000000.0
582,HfZrTiNb,0.09933333333333333,0.0,0.0,0.0,0.0,0.0,1.0,0.0,0.0,0.0,,,,,,3347456000.0,,,,,
583,HfZrTiNb,0.09933333333333333,1.0,0.0,0.0,0.0,0.0,1.0,0.0,0.0,0.0,,52.0,1000000000.0,,,3442257000.0,,879000000.0,,969000000.0,
584,HfZrTiNb,0.09933333333333333,1.0,0.0,0.0,0.0,1.0,1.0,0.0,0.0,0.0,,,,,,,14.9,,,,
585,HfZrTiNb,0.09938333333333332,1.0,0.0,0.0,0.0,0.0,1.0,0.0,0.0,0.0,,,,,,,37.0,,,,
586,HfZrTiNb,0.09938333333333332,1.0,0.0,0.0,0.0,1.0,1.0,0.0,0.0,0.0,,,,,,,40.0,,,,
587,HfZrTiNb,0.35766666666666663,1.0,0.0,0.0,0.0,0.0,1.0,0.0,0.0,0.0,,51.0,303000000.0,,,,,,,,
588,HfZrTiNb,0.42433333333333334,1.0,0.0,0.0,0.0,0.0,1.0,0.0,0.0,0.0,,51.0,154000000.0,,,,,,,,
589,HfZrTiNb3,0.0,1.0,0.0,0.0,0.0,0.0,1.0,0.0,0.0,0.0,,,,3.531,,,,,,,
590,HfZrTiNbCr,0.09933333333333333,1.0,0.0,0.0,0.0,0.0,1.0,0.0,0.0,1.0,,3.0,1375000000.0,,,,,,2130000000.0,,
591,HfZrTiNbCr,0.09933333333333333,1.0,0.0,0.0,0.0,1.0,1.0,0.0,0.0,1.0,,4.2,1381750000.0,,,4624000000.0,,,1850750000.0,,
592,HfZrTiNbMo,0.0,1.0,0.0,0.0,0.0,0.0,1.0,0.0,0.0,0.0,,,,3.088,,,,,,,
593,HfZrTiNbMo,0.09866666666666667,1.0,0.0,0.0,0.0,0.0,1.0,0.0,0.0,0.0,,,1575000000.0,,8.68,,,,,,
594,HfZrTiNbMo,0.09933333333333333,1.0,0.0,0.0,0.0,0.0,1.0,0.0,0.0,0.0,,15.0,1596333333.3333333,,8.68,,,,1803000000.0,,
595,HfZrTiNbMo,0.09933333333333333,1.0,0.0,0.0,0.0,1.0,1.0,0.0,0.0,0.0,,9.0,1575000000.0,,,,,,1640000000.0,,
596,HfZrTiNbMo,0.09938333333333332,1.0,0.0,0.0,0.0,0.0,1.0,0.0,0.0,0.0,,10.1,,,,,,,,,
597,HfZrTiNbMo,0.35766666666666663,1.0,0.0,0.0,0.0,0.0,1.0,0.0,0.0,0.0,,,829000000.0,,,,,,,,
598,HfZrTiNbMo,0.35766666666666663,1.0,0.0,0.0,0.0,1.0,1.0,0.0,0.0,0.0,,50.0,825000000.0,,,,,,1095000000.0,,
599,HfZrTiNbMo,0.42433333333333334,1.0,0.0,0.0,0.0,0.0,1.0,0.0,0.0,0.0,,,678000000.0,,8.68,,,,,,
600,HfZrTiNbMo,0.42433333333333334,1.0,0.0,0.0,0.0,1.0,1.0,0.0,0.0,0.0,,50.0,635000000.0,,,,,,654000000.0,,
601,HfZrTiNbMo,0.491,1.0,0.0,0.0,0.0,0.0,1.0,0.0,0.0,0.0,,,244000000.0,,8.68,,,,,,
602,HfZrTiNbMo,0.491,1.0,0.0,0.0,0.0,1.0,1.0,0.0,0.0,0.0,,50.0,187000000.0,,,,,,194000000.0,,
603,HfZrTiNbV,0.0,1.0,0.0,0.0,0.0,0.0,1.0,0.0,0.0,0.0,,,,3.569,,,,,,,
604,HfZrTiNbV,0.09933333333333333,1.0,0.0,0.0,0.0,0.0,1.0,0.0,0.0,1.0,,29.6,1170000000.0,,,,,,1463000000.0,,
605,HfZrTiNbV,0.09933333333333333,1.0,0.0,0.0,0.0,1.0,1.0,0.0,0.0,0.0,,30.0,1171000000.0,,,3843333333.3333335,,,1410666666.6666667,,
606,HfZrTiNbV,0.09933333333333333,1.0,0.0,0.0,0.0,1.0,1.0,0.0,0.0,1.0,,,1157000000.0,,,3805000000.0,,,1468000000.0,,
607,Li0.5Mg0.5Al8Zn0.5Cu0.5,0.09933333333333333,1.0,0.0,0.0,0.0,0.0,0.0,1.0,0.0,1.0,,17.0,488000000.0,,,,,,879000000.0,,
608,MgAl13ZnCrCuSi3,0.09933333333333333,1.0,0.0,0.0,0.0,0.0,0.0,1.0,0.0,0.0,,6.0,490000000.0,,3.06,,,,,,78400000000.0
609,MgAl13ZnCuSi3Ni,0.09933333333333333,1.0,0.0,0.0,0.0,0.0,0.0,1.0,0.0,0.0,,1.0,534000000.0,,3.15,,,,,,107800000000.0
610,MgAl13ZnFeCuSi3,0.09933333333333333,1.0,0.0,0.0,0.0,0.0,0.0,1.0,0.0,0.0,,1.0,422000000.0,,3.08,,,,,,88700000000.0
611,MgMnAl13ZnCuSi3,0.09933333333333333,1.0,0.0,0.0,0.0,0.0,0.0,1.0,0.0,0.0,,2.0,622000000.0,,2.98,,,,,,114100000000.0
612,MgZrAl13ZnCuSi3,0.09933333333333333,1.0,0.0,0.0,0.0,0.0,0.0,1.0,0.0,1.0,,4.0,565000000.0,,3.06,,,,,,105100000000.0
613,Mn0.2Cr0.2Fe0.2Co0.2Ni0.2,0.09933333333333333,0.0,1.0,0.0,0.0,1.0,0.0,1.0,0.0,0.0,,,,,,,57.5,386200000.0,,666300000.0,
614,Mn0.2Cr1Fe1Co1Ni1Pd1,0.09933333333333333,1.0,0.0,0.0,0.0,0.0,0.0,1.0,0.0,1.0,,50.0,650000000.0,,,4609290000.0,,,,,
615,Mn0.4Cr1Fe1Co1Ni1Pd1,0.09933333333333333,1.0,0.0,0.0,0.0,0.0,0.0,1.0,0.0,1.0,,46.0,650000000.0,,,3726660000.0,,,,,
616,Mn0.6Cr1Fe1Co1Ni1Pd1,0.09933333333333333,1.0,0.0,0.0,0.0,0.0,0.0,1.0,0.0,1.0,,42.0,650000000.0,,,1765260000.0,,,,,
617,Mn0.8Cr1Fe1Co1Ni1Pd1,0.09933333333333333,1.0,0.0,0.0,0.0,0.0,0.0,1.0,0.0,1.0,,35.0,650000000.0,,,1569120000.0,,,,,
618,Mn16.8Al16Cr16.8Fe16.8Co16.8Ni16.8,0.09933333333333333,1.0,0.0,0.0,0.0,0.0,0.0,0.0,0.0,1.0,,,,,,5246745000.0,,,,,
619,Mn16.8Cr16.8Fe16.8Co16.8Ni16.8Mo16,0.09933333333333333,1.0,0.0,0.0,0.0,0.0,0.0,1.0,0.0,1.0,,,765000000.0,,,,,,,,
620,Mn17.2Al13.9Cr17.2Fe17.2Co17.2Ni17.2,0.09933333333333333,1.0,0.0,0.0,0.0,0.0,0.0,0.0,0.0,1.0,,,,,,5285973000.0,,,,,
621,Mn17.4Al13Cr17.4Fe17.4Co17.4Ni17.4,0.09933333333333333,1.0,0.0,0.0,0.0,0.0,0.0,0.0,0.0,1.0,,,,,,5197710000.0,,,,,
622,Mn17.6Al12Cr17.6Fe17.6Co17.6Ni17.6,0.09933333333333333,1.0,0.0,0.0,0.0,0.0,0.0,0.0,0.0,1.0,,,,,,4766202000.0,,,,,
623,Mn17.6Cr17.6Fe17.6Co17.6Ni17.6Mo12,0.09933333333333333,1.0,0.0,0.0,0.0,0.0,0.0,1.0,0.0,1.0,,,560000000.0,,,,,,,,
624,Mn17.8Al11Cr17.8Fe17.8Co17.8Ni17.8,0.09933333333333333,1.0,0.0,0.0,0.0,0.0,1.0,1.0,0.0,0.0,,,,,,3971835000.0,,,,,
625,Mn17Al15Cr17Fe17(CoNi)17,0.09933333333333333,1.0,0.0,0.0,0.0,0.0,0.0,0.0,0.0,1.0,,,,,,5227131000.0,,,,,
626,Mn17V13Cr17Fe17(CoNi)17,0.09933333333333333,1.0,0.0,0.0,0.0,1.0,0.0,1.0,0.0,1.0,,8.0,780000000.0,,,,,,,,
627,Mn18.2Al8.9Cr18.2Fe18.2Co18.2Ni18.2,0.09933333333333333,1.0,0.0,0.0,0.0,0.0,1.0,1.0,0.0,0.0,,,,,,2157540000.0,,,,,
628,Mn18.4Al7.9Cr18.4Fe18.4Co18.4Ni18.4,0.09933333333333333,1.0,0.0,0.0,0.0,0.0,1.0,1.0,0.0,0.0,,,,,,1794681000.0,,,,,
629,Mn18.4Cr18.4Fe18.4Co18.4Ni18.4Mo8,0.09933333333333333,1.0,0.0,0.0,0.0,0.0,0.0,1.0,0.0,1.0,,,330000000.0,,,,,,,,
630,Mn18.6Al7.1Cr18.6Fe18.6Co18.6Ni18.6,0.09933333333333333,1.0,0.0,0.0,0.0,0.0,0.0,1.0,0.0,0.0,,,,,,1784873999.9999995,,,,,
631,Mn18Al10.1Cr18Fe18Co18Ni18,0.09933333333333333,1.0,0.0,0.0,0.0,0.0,1.0,1.0,0.0,0.0,,,,,,2726346000.0,,,,,
632,Mn19.1Cr19.9Fe19.5Co20.6Ni20.9,0.09933333333333333,0.0,1.0,0.0,0.0,1.0,0.0,1.0,0.0,0.0,,,,,,,46.2,270000000.0,,630000000.0,
633,Mn19.1Cr19.9Fe19.5Co20.6Ni20.9,0.09933333333333333,0.0,1.0,0.0,0.0,1.0,0.0,1.0,0.0,1.0,,,,,,,40.2,425000000.0,,735000000.0,
634,Mn19.1Cr19.9Fe19.5Co20.6Ni20.9,0.09933333333333333,0.0,1.0,0.0,0.0,1.0,1.0,0.0,0.0,0.0,,,,,,,1.1,1290000000.0,,1415000000.0,
635,Mn19.1Cr19.9Fe19.5Co20.6Ni20.9,0.09933333333333333,0.0,1.0,0.0,0.0,1.0,1.0,1.0,0.0,1.0,,,,,,,16.75,860000000.0,,1037500000.0,
636,Mn19.2Al3.8Cr19.2Fe19.2Co19.2Ni19.2,0.09933333333333333,1.0,0.0,0.0,0.0,0.0,0.0,1.0,0.0,0.0,,,,,,1676996999.9999998,,,,,
637,Mn19.2Cr19.2Fe19.2Co19.2Ni19.2Mo4,0.09933333333333333,1.0,0.0,0.0,0.0,0.0,0.0,1.0,0.0,0.0,,,225000000.0,,,,,,,,
638,Mn19.6Al2Cr19.6Fe19.6Co19.6Ni19.6,0.09933333333333333,1.0,0.0,0.0,0.0,0.0,0.0,1.0,0.0,0.0,,,,,,1765260000.0,,,,,
639,Mn19V5Cr19Fe19(CoNi)19,0.09933333333333333,1.0,0.0,0.0,0.0,1.0,0.0,1.0,0.0,1.0,,75.0,200000000.0,,,,,,,,
640,Mn1Al0.1Cr1Fe1Co1Ni1,0.09933333333333333,1.0,0.0,0.0,0.0,0.0,0.0,1.0,0.0,0.0,,,,,,1765260000.0,,,,,
641,Mn1Al0.1Cr1Fe1Co1Ni1,0.09933333333333333,1.0,0.0,0.0,0.0,0.0,1.0,1.0,0.0,0.0,,,1631000000.0,,,4236624000.0,,,,,
642,Mn1Al0.2Cr1Fe1Co1Ni1,0.09933333333333333,1.0,0.0,0.0,0.0,0.0,0.0,1.0,0.0,0.0,,,,,,1676997000.0,56.0,220000000.0,,,
643,Mn1Al0.38Cr1Fe1Co1Ni1,0.09933333333333333,1.0,0.0,0.0,0.0,0.0,0.0,1.0,0.0,0.0,,,,,,1784874000.0,45.0,244000000.0,,,
644,Mn1Al0.3Cr1Fe1.5Ni0.5,0.09933333333333333,1.0,0.0,0.0,0.0,0.0,1.0,1.0,0.0,0.0,,,,,,2912679000.0,,,,,
645,Mn1Al0.3Cr1Fe1Co1Ni1,0.09933333333333333,1.0,0.0,0.0,0.0,0.0,1.0,1.0,0.0,0.0,,,1836000000.0,,,5011377000.0,,,,,
646,Mn1Al0.43Cr1Fe1Co1Ni1,0.09933333333333333,1.0,0.0,0.0,0.0,0.0,1.0,1.0,0.0,0.0,,,,,,1794681000.0,35.0,285000000.0,,,
647,Mn1Al0.49Cr1Fe1Co1Ni1,0.09933333333333333,1.0,0.0,0.0,0.0,0.0,1.0,1.0,0.0,0.0,,,,,,2157540000.0,29.0,331000000.0,,,
648,Mn1Al0.56Cr1Fe1Co1Ni1,0.09933333333333333,1.0,0.0,0.0,0.0,0.0,1.0,1.0,0.0,0.0,,,,,,2726346000.0,16.0,526000000.0,,,
649,Mn1Al0.5Cr1Fe1.5Ni0.5,0.09933333333333333,1.0,0.0,0.0,0.0,0.0,1.0,0.0,0.0,0.0,,,,,,3883572000.0,,,,,
650,Mn1Al0.5Cr1Fe1Co1Ni1,0.09933333333333333,1.0,0.0,0.0,0.0,0.0,1.0,1.0,0.0,0.0,,,1932000000.0,,,5423271000.0,,,,,
651,Mn1Al0.5Cr1Fe1Ni1,0.09933333333333333,1.0,0.0,0.0,0.0,0.0,1.0,0.0,0.0,0.0,,50.0,1091000000.0,,,3461871000.0,,,,,
652,Mn1Al0.62Cr1Fe1Co1Ni1,0.09933333333333333,1.0,0.0,0.0,0.0,0.0,1.0,1.0,0.0,0.0,,,,,,3971835000.0,5.0,833000000.0,,,
653,Mn1Al0.68Cr1Fe1Co1Ni1,0.09933333333333333,1.0,0.0,0.0,0.0,0.0,1.0,1.0,0.0,0.0,,,,,,4766202000.0,,,,,
654,Mn1Al0.6Cr1Fe1Ni1,0.09933333333333333,1.0,0.0,0.0,0.0,0.0,1.0,0.0,0.0,0.0,,53.0,1130000000.0,,,3540327000.0,,,,,
655,Mn1Al0.75Cr1Fe1Co1Ni1,0.09933333333333333,1.0,0.0,0.0,0.0,0.0,1.0,1.0,0.0,0.0,,,,,,5197710000.0,,,,,
656,Mn1Al0.7Cr1Fe1Co1Ni1,0.09933333333333333,1.0,0.0,0.0,0.0,0.0,1.0,1.0,0.0,0.0,,,2230000000.0,,,6099954000.0,,,,,
657,Mn1Al0.7Cr1Fe1Ni1,0.09933333333333333,1.0,0.0,0.0,0.0,0.0,1.0,0.0,0.0,0.0,,55.0,1170000000.0,,,3677625000.0,,,,,
658,Mn1Al0.81Cr1Fe1Co1Ni1,0.09933333333333333,1.0,0.0,0.0,0.0,0.0,1.0,1.0,0.0,0.0,,,,,,5285973000.0,,,,,
659,Mn1Al0.88Cr1Fe1Co1Ni1,0.09933333333333333,1.0,0.0,0.0,0.0,0.0,1.0,1.0,0.0,0.0,,,,,,5227131000.0,,,,,
660,Mn1Al0.8Cr1Fe1Ni1,0.09933333333333333,1.0,0.0,0.0,0.0,0.0,1.0,0.0,0.0,0.0,,55.0,1200000000.0,,,3785502000.0,,,,,
661,Mn1Al0.95Cr1Fe1Co1Ni1,0.09933333333333333,1.0,0.0,0.0,0.0,0.0,1.0,1.0,0.0,0.0,,,,,,5246745000.0,,,,,
662,Mn1Al1.25Cr1Fe1Co1Ni1,0.09933333333333333,1.0,0.0,0.0,0.0,0.0,1.0,0.0,0.0,0.0,,,,,,5285973000.0,,,,,
663,Mn1Al1Cr1Fe1Cu1W0.05,0.09933333333333333,0.0,0.0,0.0,1.0,0.0,1.0,0.0,0.0,1.0,,,1120000000.0,,,6668760000.0,,,,,
664,Mn1Al1Cr1Fe1Cu1W0.1,0.09933333333333333,0.0,0.0,0.0,1.0,0.0,1.0,0.0,0.0,1.0,,,1250000000.0,,,6913935000.0,,,,,
665,Mn1Al1Cr1Fe1Cu1W0.5,0.09933333333333333,0.0,0.0,0.0,1.0,0.0,1.0,0.0,0.0,1.0,,,1510000000.0,,,7649460000.0,,,,,
666,Mn1V0.25Cr1Fe1Co1Ni1,0.09933333333333333,1.0,0.0,0.0,0.0,0.0,0.0,1.0,0.0,0.0,,,,,,1480857000.0,,,,,
667,Mn1V0.25Cr1Fe1Co1Ni1,0.09933333333333333,1.0,0.0,0.0,0.0,1.0,0.0,1.0,0.0,1.0,,,200000000.0,,,1412208000.0,,,,,
668,Mn1V0.5Cr1Fe1Co1Ni1,0.09933333333333333,1.0,0.0,0.0,0.0,0.0,0.0,1.0,0.0,0.0,,,,,,1824102000.0,,,,,
669,Mn1V0.5Cr1Fe1Co1Ni1,0.09933333333333333,1.0,0.0,0.0,0.0,1.0,0.0,1.0,0.0,0.0,,,620000000.0,,,2696925000.0,,,,,
670,Mn1V0.75Cr1Fe1Co1Ni1,0.09933333333333333,1.0,0.0,0.0,0.0,0.0,0.0,1.0,0.0,1.0,,,,,,3353994000.0,,,,,
671,Mn1V0.75Cr1Fe1Co1Ni1,0.09933333333333333,1.0,0.0,0.0,0.0,1.0,0.0,1.0,0.0,1.0,,,740000000.0,,,3726660000.0,,,1325000000.0,,
672,Mn23Al10Cr12(Fe7Ni4)5,0.09933333333333333,0.0,1.0,0.0,0.0,0.0,0.0,1.0,0.0,0.0,,,,,,,24.015,860000000.0,,1062500000.0,
673,Mn25Al14Cr20(Fe8Ni3)5,0.09933333333333333,1.0,0.0,0.0,0.0,0.0,1.0,0.0,0.0,0.0,,,942000000.0,,,,,,,,
674,Mn25Al14Cr20(Fe8Ni3)5,0.22433333333333333,1.0,0.0,0.0,0.0,0.0,1.0,0.0,0.0,0.0,,,833000000.0,,,,,,,,
675,Mn25Al14Cr20(Fe8Ni3)5,0.291,1.0,0.0,0.0,0.0,0.0,1.0,0.0,0.0,0.0,,,326000000.0,,,,,,,,
676,Mn25Al2Cr20(Fe8Ni3)5,0.09933333333333333,1.0,0.0,0.0,0.0,0.0,1.0,1.0,0.0,0.0,,,354000000.0,,,,,,,,
677,Mn25Al2Cr20(Fe8Ni3)5,0.22433333333333333,1.0,0.0,0.0,0.0,0.0,1.0,1.0,0.0,0.0,,,260000000.0,,,,,,,,
678,Mn25Al2Cr20(Fe8Ni3)5,0.291,1.0,0.0,0.0,0.0,0.0,1.0,1.0,0.0,0.0,,,155000000.0,,,,,,,,
679,Mn25Al6Cr20(Fe8Ni3)5,0.09933333333333333,1.0,0.0,0.0,0.0,0.0,1.0,1.0,0.0,0.0,,,550000000.0,,,,,,,,
680,Mn25Al6Cr20(Fe8Ni3)5,0.22433333333333333,1.0,0.0,0.0,0.0,0.0,1.0,1.0,0.0,0.0,,,469000000.0,,,,,,,,
681,Mn25Al6Cr20(Fe8Ni3)5,0.291,1.0,0.0,0.0,0.0,0.0,1.0,1.0,0.0,0.0,,,272000000.0,,,,,,,,
682,Mn26.7Zn20Cu26.7Ni26.7,0.09933333333333333,1.0,0.0,0.0,0.0,0.0,0.0,1.0,0.0,0.0,,65.0,140000000.0,,,1068963000.0,,,,,
683,Mn28Al5Cr12(Fe7Ni4)5,0.09933333333333333,1.0,0.0,0.0,0.0,0.0,0.0,1.0,0.0,0.0,,,,,,,27.39,766500000.0,,974000000.0,
684,Mn2Al53Cr18Fe4Co19Ni4,0.09933333333333333,1.0,0.0,0.0,0.0,0.0,1.0,1.0,0.0,0.0,,,,,,7863252599.999998,,,,,
685,Mn2VCr2Fe2(CoNi)2,0.09933333333333333,1.0,0.0,0.0,0.0,1.0,0.0,1.0,0.0,1.0,,75.0,620000000.0,,,,,,,,
686,Mn31.7Al5Cu31.7Ni31.7,0.09933333333333333,1.0,0.0,0.0,0.0,0.0,0.0,1.0,0.0,0.0,,45.0,330000000.0,,,1627962000.0,,,,,
687,Mn3Al(CuNi)3,0.09933333333333333,1.0,0.0,0.0,0.0,0.0,0.0,1.0,0.0,1.0,,40.0,515000000.0,,,2363487000.0,,,,,
688,Mn3CrFe5Co,0.091,1.0,0.0,0.0,0.0,0.0,0.0,1.0,0.0,1.0,,,,,,2902872000.0,,,,,
689,Mn3CrFe5Co,0.09933333333333333,0.0,0.0,0.0,0.0,1.0,0.0,1.0,1.0,0.0,,,,,,,43.5,349000000.0,,1300000000.0,
690,Mn3CrFe5Co,0.09933333333333333,0.0,1.0,0.0,0.0,1.0,0.0,1.0,1.0,0.0,,,,,,,67.66666666666667,320000000.0,,833333333.3333334,
691,Mn3CrFe5Co,0.09933333333333333,1.0,0.0,0.0,0.0,1.0,0.0,1.0,1.0,0.0,,,,,,,50.0,250000000.0,,730000000.0,
692,Mn4Al51Cr18Co23Ni4,0.09933333333333333,1.0,0.0,0.0,0.0,0.0,1.0,1.0,0.0,0.0,,,,,,7769105400.0,,,,,
693,Mn4Al5Cr4Fe4(CoNi)4,0.09933333333333333,1.0,0.0,0.0,0.0,0.0,1.0,0.0,0.0,0.0,,,,,,5285973000.0,,,,,
694,Mn4CrFe4Co,0.09933333333333333,0.0,0.0,0.0,0.0,0.0,0.0,1.0,0.0,0.0,,,,,,,22.6,792000000.0,,1055000000.0,
695,Mn4CrFe4Co,0.09933333333333333,0.0,0.0,0.0,0.0,1.0,0.0,1.0,0.0,0.0,,,,,,,52.86666666666667,515666666.6666667,,976333333.3333334,
696,Mn4CrFe4Co,0.09933333333333333,1.0,0.0,0.0,0.0,0.0,0.0,1.0,0.0,0.0,,,,,,,41.1,303000000.0,,552500000.0,
697,Mn5Al2Cr4Fe8Ni3,0.09933333333333333,1.0,0.0,0.0,0.0,0.0,1.0,0.0,0.0,0.0,,,994000000.0,,,,,,,,
698,Mn5Al2Cr4Fe8Ni3,0.22433333333333333,1.0,0.0,0.0,0.0,0.0,1.0,0.0,0.0,0.0,,,943000000.0,,,,,,,,
699,Mn5Al2Cr4Fe8Ni3,0.291,1.0,0.0,0.0,0.0,0.0,1.0,0.0,0.0,0.0,,,359000000.0,,,,,,,,
700,Mn5Cr4Fe8Ni3,0.09933333333333333,1.0,0.0,0.0,0.0,0.0,1.0,1.0,0.0,0.0,,,219000000.0,,,,,,,,
701,Mn5Cr4Fe8Ni3,0.22433333333333333,1.0,0.0,0.0,0.0,0.0,1.0,1.0,0.0,0.0,,,132000000.0,,,,,,,,
702,Mn5Cr4Fe8Ni3,0.291,1.0,0.0,0.0,0.0,0.0,1.0,1.0,0.0,0.0,,,115000000.0,,,,,,,,
703,MnAl26Cr9(Co6Ni)2,0.09933333333333333,1.0,0.0,0.0,0.0,0.0,1.0,1.0,0.0,0.0,,,,,,7996627800.0,,,,,
704,MnAl27Cr9Co11Ni2,0.09933333333333333,1.0,0.0,0.0,0.0,0.0,1.0,1.0,0.0,0.0,,,,,,7987801500.0,,,,,
705,MnAlCrFeCoCuNi,0.09933333333333333,1.0,0.0,0.0,0.0,0.0,1.0,1.0,0.0,1.0,,15.0,1005000000.0,,,,,,,,
706,MnAlCrFeCoNi,0.09933333333333333,1.0,0.0,0.0,0.0,0.0,1.0,1.0,0.0,0.0,,,,,,6707988000.0,,,,,
707,MnAlCrFeCu,0.09933333333333333,0.0,0.0,0.0,1.0,0.0,0.0,0.0,0.0,1.0,,,1010000000.0,,,6207831000.0,,,,,
708,MnCoNi,0.09933333333333333,0.0,1.0,0.0,0.0,0.0,0.0,1.0,0.0,0.0,,,,,,,38.0,231000000.0,,653000000.0,
709,MnCoNi,0.09933333333333333,0.0,1.0,0.0,0.0,1.0,0.0,1.0,0.0,0.0,,,,,,,44.25,380500000.0,,562250000.0,190000000000.0
710,MnCoNi,0.09933333333333333,1.0,0.0,0.0,0.0,1.0,0.0,1.0,0.0,0.0,,,,,,,,,,,191000000000.0
711,MnCoNi,0.09999999999999999,1.0,0.0,0.0,0.0,1.0,0.0,1.0,0.0,0.0,1.746e-05,,,,,,,,,,
712,MnCoNi,0.16666666666666666,1.0,0.0,0.0,0.0,1.0,0.0,1.0,0.0,0.0,2.035e-05,,,,,,,,,,
713,MnCoNi,0.22333333333333333,1.0,0.0,0.0,0.0,1.0,0.0,1.0,0.0,0.0,2.137e-05,,,,,,,,,,
714,MnCrCoNi,0.09933333333333333,0.0,1.0,0.0,0.0,0.0,0.0,1.0,0.0,0.0,,,,,,,44.0,282000000.0,,694000000.0,
715,MnCrFe6(CoNi)6,0.14833333333333332,1.0,0.0,0.0,0.0,1.0,0.0,1.0,0.0,0.0,1.131e-05,,,,,,,,,,
716,MnCrFe6(CoNi)6,0.23166666666666666,1.0,0.0,0.0,0.0,1.0,0.0,1.0,0.0,0.0,1.317e-05,,,,,,,,,,
717,MnCrFe6(CoNi)6,0.375,1.0,0.0,0.0,0.0,1.0,0.0,1.0,0.0,0.0,2.034e-05,,,,,,,,,,
718,MnCrFeCoNi,0.025666666666666667,0.0,1.0,0.0,0.0,1.0,0.0,1.0,0.0,0.0,,,,,,,10.3,1692000000.0,,,
719,MnCrFeCoNi,0.09933333333333333,0.0,0.0,0.0,0.0,1.0,0.0,1.0,0.0,0.0,,,,,7.752999999999999,,56.5,268050000.0,,591800000.0,
720,MnCrFeCoNi,0.09933333333333333,0.0,0.0,0.0,1.0,0.0,0.0,1.0,0.0,0.0,,47.0,1100000000.0,,7.6265,4147870650.0,,,,,184000000000.0
721,MnCrFeCoNi,0.09933333333333333,0.0,1.0,0.0,0.0,0.0,0.0,1.0,0.0,0.0,,6.0,1150000000.0,,,3864938700.0,5.1850000000000005,1174630000.0,,1335350000.0,
722,MnCrFeCoNi,0.09933333333333333,0.0,1.0,0.0,0.0,1.0,0.0,1.0,0.0,0.0,,0.7,1300000000.0,,,4223874900.0,36.084761904761905,480575227.27272725,,766623333.3333333,
723,MnCrFeCoNi,0.09933333333333333,1.0,0.0,0.0,0.0,0.0,0.0,1.0,0.0,0.0,,57.0,213000000.0,,,1471703800.0,59.5,209000000.0,,,
724,MnCrFeCoNi,0.09933333333333333,1.0,0.0,0.0,0.0,0.0,1.0,1.0,0.0,0.0,,,1314000000.0,,,4069905000.0,,,,,
725,MnCrFeCoNi,0.09933333333333333,1.0,0.0,0.0,0.0,1.0,0.0,1.0,0.0,0.0,,75.0,230000000.0,,,1323945000.0,,,,,
726,MnCrFeCoNi,0.09933333333333333,1.0,1.0,0.0,0.0,1.0,0.0,1.0,0.0,0.0,,,,,,,,,,,203000000000.0
727,MnCrFeCoNi,0.09999999999999999,1.0,1.0,0.0,0.0,1.0,0.0,1.0,0.0,0.0,1.5e-05,,,,,,,,,,
728,MnCrFeCoNi,0.19999999999999998,1.0,1.0,0.0,0.0,1.0,0.0,1.0,0.0,0.0,2.05e-05,,,,,,,,,,
729,MnCrFeCoNi,0.3333333333333333,1.0,1.0,0.0,0.0,1.0,0.0,1.0,0.0,0.0,,,,,,,,,,,146000000000.0
730,MnCrFeCoNi,0.42333333333333334,1.0,1.0,0.0,0.0,1.0,0.0,1.0,0.0,0.0,2.34e-05,,,,,,,,,,
731,MnCrFeCuNi,0.09933333333333333,0.0,1.0,0.0,0.0,0.0,1.0,1.0,0.0,0.0,,,,,,3903186000.0,4.3,1190000000.0,,1300000000.0,
732,MnCrFeCuNi,0.09933333333333333,0.0,1.0,0.0,0.0,1.0,1.0,1.0,0.0,0.0,,,,,,2540013000.0,16.66,898000000.0,,1034000000.0,
733,MnCrFeCuNi,0.09933333333333333,1.0,0.0,0.0,0.0,0.0,1.0,1.0,0.0,0.0,,,,,,2902872000.0,14.25,621500000.0,,950000000.0,
734,MnCrFeCuNi,0.09933333333333333,1.0,0.0,0.0,0.0,1.0,1.0,1.0,0.0,0.0,,,,,,,4.8,524600000.0,,680000000.0,
735,MnFe3(CoNi)3,0.14833333333333332,1.0,0.0,0.0,0.0,1.0,0.0,1.0,0.0,0.0,1.186e-05,,,,,,,,,,
736,MnFe3(CoNi)3,0.23166666666666666,1.0,0.0,0.0,0.0,1.0,0.0,1.0,0.0,0.0,1.312e-05,,,,,,,,,,
737,MnFe3(CoNi)3,0.375,1.0,0.0,0.0,0.0,1.0,0.0,1.0,0.0,0.0,2.024e-05,,,,,,,,,,
738,MnFeCoCuNi,0.09933333333333333,1.0,0.0,0.0,0.0,0.0,0.0,1.0,0.0,0.0,,,,,,2039856000.0,,,,478000000.0,
739,MnFeCoNi,0.09933333333333333,0.0,1.0,0.0,0.0,0.0,0.0,1.0,0.0,0.0,,,,,,,41.0,170000000.0,,550000000.0,
740,MnFeNi,0.09933333333333333,0.0,1.0,0.0,0.0,0.0,0.0,1.0,0.0,0.0,,,,,,,36.0,221000000.0,,602000000.0,
741,MnFeNi,0.09933333333333333,0.0,1.0,0.0,0.0,1.0,0.0,1.0,0.0,0.0,,,,,,,31.6,435333333.3333333,,574166666.6666666,182000000000.0
742,MnFeNi,0.09933333333333333,1.0,0.0,0.0,0.0,1.0,0.0,1.0,0.0,0.0,,,,,,,,,,,177000000000.0
743,MnFeNi,0.09999999999999999,1.0,0.0,0.0,0.0,1.0,0.0,1.0,0.0,0.0,1.871e-05,,,,,,,,,,
744,MnFeNi,0.16666666666666666,1.0,0.0,0.0,0.0,1.0,0.0,1.0,0.0,0.0,2.185e-05,,,,,,,,,,
745,MnFeNi,0.22333333333333333,1.0,0.0,0.0,0.0,1.0,0.0,1.0,0.0,0.0,2.285e-05,,,,,,,,,,
746,MnV2Cr3Fe7Co2Ni5,0.09933333333333333,0.0,1.0,0.0,0.0,1.0,0.0,1.0,0.0,0.0,,,,,,,51.0,302600000.0,,654000000.0,
747,MnVCrFeCoNi,0.09933333333333333,1.0,0.0,0.0,0.0,0.0,0.0,1.0,0.0,1.0,,,,,,6374550000.0,,,,,
748,MnVCrFeCoNi,0.09933333333333333,1.0,0.0,0.0,0.0,1.0,0.0,1.0,0.0,1.0,,1.0,1680000000.0,,,6237252000.0,,,1845000000.0,,
749,MnZnCuNi,0.09933333333333333,1.0,0.0,0.0,0.0,0.0,0.0,1.0,0.0,0.0,,60.0,215000000.0,,,1441629000.0,,,,,
750,Nb0.103Cr1Fe1Co1Ni1,0.09933333333333333,1.0,0.0,0.0,0.0,0.0,0.0,1.0,0.0,1.0,,,,,,,19.0,318000000.0,,622000000.0,
751,Nb0.155Cr1Fe1Co1Ni1,0.09933333333333333,1.0,0.0,0.0,0.0,0.0,0.0,1.0,0.0,1.0,,,,,,,23.0,322000000.0,,744000000.0,
752,Nb0.1Al1Cr1Fe1Co1Ni1,0.09933333333333333,1.0,0.0,0.0,0.0,0.0,1.0,0.0,0.0,0.0,,,1641000000.0,,,5580183000.0,,,3285000000.0,,
753,Nb0.206Cr1Fe1Co1Ni1,0.09933333333333333,1.0,0.0,0.0,0.0,0.0,0.0,1.0,0.0,1.0,,,,,,,9.0,403000000.0,,807000000.0,
754,Nb0.25Al1Cr1Fe1Co1Ni1,0.09933333333333333,1.0,0.0,0.0,0.0,0.0,1.0,0.0,0.0,1.0,,,1959000000.0,,,6551076000.0,,,3008000000.0,,
755,Nb0.2Cr1Fe1Co1Ni2.1,0.09933333333333333,1.0,0.0,0.0,0.0,0.0,0.0,1.0,0.0,1.0,,,,,,,32.0,170000000.0,,537000000.0,
756,Nb0.2Cr1Fe1Co1Ni2.1,0.09933333333333333,1.0,0.0,0.0,0.0,1.0,0.0,1.0,0.0,1.0,,,,,,,19.0,560000000.0,,860000000.0,
757,Nb0.309Cr1Fe1Co1Ni1,0.09933333333333333,1.0,0.0,0.0,0.0,0.0,0.0,1.0,0.0,1.0,,,,,,,4.0,479000000.0,,879000000.0,
758,Nb0.412Cr1Fe1Co1Ni1,0.09933333333333333,1.0,0.0,0.0,0.0,0.0,0.0,1.0,0.0,1.0,,,,,,,1.0,638000000.0,,1004000000.0,
759,Nb0.4Cr1Fe1Co1Ni2.1,0.09933333333333333,1.0,0.0,0.0,0.0,0.0,0.0,1.0,0.0,1.0,,,,,,,7.0,640000000.0,,840000000.0,
760,Nb0.4Cr1Fe1Co1Ni2.1,0.09933333333333333,1.0,0.0,0.0,0.0,1.0,0.0,1.0,0.0,1.0,,,,,,,3.0,,,,
761,Nb0.5Al1Cr1Fe1Co1Ni1,0.09933333333333333,1.0,0.0,0.0,0.0,0.0,1.0,0.0,0.0,1.0,,,2473000000.0,,,7325829000.0,,,3170000000.0,,
762,Nb11.6Fe1Co1Cu1Ni1,0.09933333333333333,0.0,0.0,0.0,0.0,0.0,0.0,1.0,0.0,1.0,,18.3,1703000000.0,,,,,,,,
763,Nb15FeCoCuNi,0.09933333333333333,0.0,0.0,0.0,0.0,0.0,0.0,1.0,0.0,1.0,,12.6,1415000000.0,,,,,,,,
764,Nb1Al0.1V1Cr1Mo1,0.09938333333333332,0.0,0.0,0.0,1.0,0.0,1.0,0.0,0.0,0.0,,6.1,,,,,,,,,
765,Nb1Re0.5Mo1W1,0.09933333333333333,1.0,0.0,0.0,0.0,0.0,1.0,0.0,0.0,0.0,,10.4,896000000.0,,,4638711000.0,,,,,
766,Nb2VRuW2,0.0,1.0,0.0,0.0,0.0,0.0,1.0,0.0,0.0,0.0,,,,2.182,,,,,,,
767,Nb33Mo32.7W34.3,0.09933333333333333,1.0,0.0,0.0,0.0,0.0,1.0,0.0,0.0,0.0,,,,,,5600000000.0,,,,,
768,Nb37Mo52W11,0.09933333333333333,1.0,0.0,0.0,0.0,0.0,1.0,0.0,0.0,0.0,,,,,,5800000000.0,,,,,
769,Nb42.5Mo16.7W40.7,0.09933333333333333,1.0,0.0,0.0,0.0,0.0,1.0,0.0,0.0,0.0,,,,,,6000000000.0,,,,,
770,Nb49Mo7W44,0.09933333333333333,1.0,0.0,0.0,0.0,0.0,1.0,0.0,0.0,0.0,,,,,,5600000000.0,,,,,
771,Nb57Mo33W10,0.09933333333333333,1.0,0.0,0.0,0.0,0.0,1.0,0.0,0.0,0.0,,,,,,5700000000.0,,,,,
772,Nb5FeCoCuNi,0.09933333333333333,0.0,0.0,0.0,0.0,0.0,0.0,1.0,0.0,1.0,,37.6,1498000000.0,,,,,,,,
773,Nb7.5Fe1Co1Cu1Ni1,0.09933333333333333,0.0,0.0,0.0,0.0,0.0,0.0,1.0,0.0,1.0,,31.7,1635000000.0,,,,,,,,
774,Nb8Mo11W6,0.09933333333333333,1.0,0.0,0.0,0.0,0.0,1.0,0.0,0.0,0.0,,,,,,5200000000.0,,,,,
775,NbCrCoMo,0.09933333333333333,1.0,0.0,0.0,0.0,0.0,1.0,0.0,0.0,1.0,,,,,,,,,1419600000.0,,
776,NbMoRuW3,0.0,1.0,0.0,0.0,0.0,0.0,1.0,0.0,0.0,0.0,,,,2.296,,,,,,,
777,NbVCrFeMo,0.09933333333333333,1.0,0.0,0.0,0.0,0.0,1.0,0.0,0.0,1.0,,2.7,2663000000.0,,,8100582000.0,,,,,
778,NbVRuW,0.0,1.0,0.0,0.0,0.0,0.0,1.0,0.0,0.0,0.0,,,,2.342,,,,,,,
779,NbVRuW3,0.0,1.0,0.0,0.0,0.0,0.0,1.0,0.0,0.0,0.0,,,,2.192,,,,,,,
780,NdAlFeCoCuNi,0.09933333333333333,1.0,0.0,0.0,0.0,0.0,0.0,0.0,0.0,1.0,,,,,,5668446000.0,,,,,
781,Ta0.076Al0.1Cr1Fe1Co1Ni2.1,0.09933333333333333,1.0,0.0,0.0,0.0,0.0,0.0,1.0,0.0,0.0,,,293000000.0,,,,,,,,
782,Ta0.1Cr1Fe1Co1Ni1,0.09933333333333333,1.0,0.0,0.0,0.0,0.0,0.0,1.0,0.0,1.0,,,267000000.0,,,1945055000.0,,,,,
783,Ta0.228Al0.3Cr1Fe1Co1Ni2.1,0.09933333333333333,1.0,0.0,0.0,0.0,0.0,0.0,1.0,0.0,1.0,,,503000000.0,,,,,,,,
784,Ta0.2Cr1Fe1Co1Ni1,0.09933333333333333,1.0,0.0,0.0,0.0,0.0,0.0,1.0,0.0,1.0,,,405000000.0,,,2937196500.0,,,,,
785,Ta0.38Al0.5Cr1Fe1Co1Ni2.1,0.09933333333333333,1.0,0.0,0.0,0.0,0.0,0.0,1.0,0.0,1.0,,,974000000.0,,,,,,,2646000000.0,
786,Ta0.395Cr1Fe1Co1Ni1,0.09933333333333333,1.0,0.0,0.0,0.0,0.0,0.0,1.0,0.0,1.0,,27.0,,,,4883886000.0,,,,,
787,Ta0.3Cr1Fe1Co1Ni1,0.09933333333333333,1.0,0.0,0.0,0.0,0.0,0.0,1.0,0.0,1.0,,36.5,893500000.0,,,3448795000.0,,,,,
788,Ta0.43Cr1Fe1Co1Ni1,0.09933333333333333,1.0,0.0,0.0,0.0,0.0,0.0,1.0,0.0,1.0,,24.0,1121000000.0,,,4756395000.0,,,,,
789,Ta0.4Cr1Fe1Co1Ni1,0.09933333333333333,1.0,0.0,0.0,0.0,0.0,0.0,1.0,0.0,1.0,,26.3,1316000000.0,,,4878982500.0,,,,,
790,Ta0.532Al0.7Cr1Fe1Co1Ni2.1,0.09933333333333333,1.0,0.0,0.0,0.0,0.0,0.0,1.0,0.0,1.0,,,1533000000.0,,,,,,,2604000000.0,
791,Ta0.5Cr1Fe1Co1Ni1,0.09933333333333333,1.0,0.0,0.0,0.0,0.0,0.0,1.0,0.0,1.0,,20.55,1167500000.0,,,5053912000.0,,,,,
792,Ta0.75Cr1Fe1Co1Ni1,0.09933333333333333,1.0,0.0,0.0,0.0,0.0,0.0,1.0,0.0,1.0,,,,,,5393850000.0,,,,,
793,Ta0.76Al1Cr1Fe1Co1Ni2.1,0.09933333333333333,1.0,0.0,0.0,0.0,0.0,1.0,1.0,0.0,1.0,,,2336000000.0,,,,,,,2566000000.0,
794,Ta0.7Cr1Fe1Co1Ni1,0.09933333333333333,1.0,0.0,0.0,0.0,0.0,0.0,1.0,0.0,1.0,,13.0,1278000000.0,,,5030991000.0,,,,,
795,Ta1.14Al1.5Cr1Fe1Co1Ni2.1,0.09933333333333333,1.0,0.0,0.0,0.0,0.0,1.0,0.0,0.0,1.0,,,2208000000.0,,,,,,,2342000000.0,
796,Ta1Nb1Si0.25Mo1W1,0.09933333333333333,0.0,0.0,0.0,1.0,0.0,1.0,0.0,0.0,1.0,,16.5,1826000000.0,,,5560569000.0,,,,,
797,Ta1Nb1Si0.25Mo1W1,0.15766666666666665,0.0,0.0,0.0,1.0,0.0,1.0,0.0,0.0,1.0,,,,,,4167975000.0,,,,,
798,Ta1Nb1Si0.25Mo1W1,0.22433333333333333,0.0,0.0,0.0,1.0,0.0,1.0,0.0,0.0,1.0,,,,,,4118940000.0,,,,,
799,Ta1Nb1Si0.25Mo1W1,0.291,0.0,0.0,0.0,1.0,0.0,1.0,0.0,0.0,1.0,,,,,,4167975000.0,,,,,
800,Ta1Nb1Si0.25Mo1W1,0.35766666666666663,0.0,0.0,0.0,1.0,0.0,1.0,0.0,0.0,1.0,,,,,,3914954400.0,,,,,
801,Ta1Nb1Si0.5Mo1W1,0.09933333333333333,0.0,0.0,0.0,1.0,0.0,1.0,0.0,0.0,1.0,,11.0,1883000000.0,,,6835479000.0,,,,,
802,Ta1Nb1Si0.5Mo1W1,0.15766666666666665,0.0,0.0,0.0,1.0,0.0,1.0,0.0,0.0,1.0,,,,,,5246745000.0,,,,,
803,Ta1Nb1Si0.5Mo1W1,0.22433333333333333,0.0,0.0,0.0,1.0,0.0,1.0,0.0,0.0,1.0,,,,,,5491920000.0,,,,,
804,Ta1Nb1Si0.5Mo1W1,0.291,0.0,0.0,0.0,1.0,0.0,1.0,0.0,0.0,1.0,,,,,,5295780000.0,,,,,
805,Ta1Nb1Si0.5Mo1W1,0.35766666666666663,0.0,0.0,0.0,1.0,0.0,1.0,0.0,0.0,1.0,,,,,,5398753500.0,,,,,
806,Ta1Nb1Si0.75Mo1W1,0.09933333333333333,0.0,0.0,0.0,1.0,0.0,1.0,0.0,0.0,1.0,,6.2,2483000000.0,,,6694258200.0,,,,,
807,Ta1Nb1Si0.75Mo1W1,0.15766666666666665,0.0,0.0,0.0,1.0,0.0,1.0,0.0,0.0,1.0,,,,,,6276480000.0,,,,,
808,Ta1Nb1Si0.75Mo1W1,0.22433333333333333,0.0,0.0,0.0,1.0,0.0,1.0,0.0,0.0,1.0,,,,,,5884200000.0,,,,,
809,Ta1Nb1Si0.75Mo1W1,0.291,0.0,0.0,0.0,1.0,0.0,1.0,0.0,0.0,1.0,,,,,,6374550000.0,,,,,
810,Ta1Nb1Si0.75Mo1W1,0.35766666666666663,0.0,0.0,0.0,1.0,0.0,1.0,0.0,0.0,1.0,,,,,,5857721100.0,,,,,
811,Ta1Nb1Si0.75Mo1W1,0.491,0.0,0.0,0.0,1.0,0.0,1.0,0.0,0.0,1.0,,22.7,960000000.0,,,,,,,,
812,Ta1Ti0.17V1Cr1W1,0.09933333333333333,0.0,0.0,0.0,1.0,0.0,1.0,0.0,0.0,1.0,,2.0,2034000000.0,,,7012005000.0,,,,,
813,Ta1Ti0.17V1Cr1W1,0.491,0.0,0.0,0.0,1.0,0.0,1.0,0.0,0.0,1.0,,2.0,750000000.0,,,,,,,,
814,Ta1Ti0.25Nb1Mo1W1,0.0,1.0,0.0,0.0,0.0,0.0,1.0,0.0,0.0,0.0,,,,2.233,,,,,,,
815,Ta1Ti0.25Nb1Mo1W1,0.09933333333333333,1.0,0.0,0.0,0.0,0.0,1.0,0.0,0.0,0.0,,,1109000000.0,,,4690688100.0,,,1197000000.0,,
816,Ta1Ti0.3V1Cr1W1,0.09933333333333333,0.0,0.0,0.0,1.0,0.0,1.0,0.0,0.0,1.0,,2.0,2050000000.0,,,7649460000.0,,,,,
817,Ta1Ti0.3V1Cr1W1,0.491,0.0,0.0,0.0,1.0,0.0,1.0,0.0,0.0,1.0,,2.0,586000000.0,,,,,,,,
818,Ta1Ti0.5Nb1Mo1W1,0.0,1.0,0.0,0.0,0.0,0.0,1.0,0.0,0.0,0.0,,,,2.335,,,,,,,
819,Ta1Ti0.5Nb1Mo1W1,0.09933333333333333,1.0,0.0,0.0,0.0,0.0,1.0,0.0,0.0,0.0,,,1211000000.0,,,4719128400.0,,,1578000000.0,,
820,Ta1Ti0.5Nb1V1Mo1,0.09938333333333332,0.0,0.0,0.0,1.0,0.0,1.0,0.0,0.0,0.0,,8.6,,,,,,,,,
821,Ta1Ti0.75Nb1Mo1W1,0.0,1.0,0.0,0.0,0.0,0.0,1.0,0.0,0.0,0.0,,,,2.424,,,,,,,
822,Ta1Ti0.75Nb1Mo1W1,0.09933333333333333,1.0,0.0,0.0,0.0,0.0,1.0,0.0,0.0,0.0,,,1304000000.0,,,4860349200.0,,,1593000000.0,,
823,Ta1Ti1.5Nb1V1Mo1,0.09938333333333332,0.0,0.0,0.0,1.0,0.0,1.0,1.0,0.0,0.0,,10.8,,,,,,,,,
824,Ta1Ti1Al0.2V1Mo1,0.09933333333333333,1.0,0.0,0.0,0.0,0.0,1.0,0.0,0.0,0.0,,,1021000000.0,,,,,,1249000000.0,,
825,Ta1Ti1Al0.6V1Mo1,0.09933333333333333,1.0,0.0,0.0,0.0,0.0,1.0,0.0,0.0,0.0,,,962000000.0,,,,,,1033000000.0,,
826,Ta1Ti1Nb1Al0.25V1,0.09933333333333333,1.0,0.0,0.0,0.0,0.0,1.0,0.0,0.0,0.0,,,1330000000.0,,,,,,,,
827,Ta1Ti1Nb1Al0.5V1,0.09933333333333333,1.0,0.0,0.0,0.0,0.0,1.0,0.0,0.0,0.0,,,1014000000.0,,,,,,,,
828,Ta23Ti8Nb23(MoW)23,0.09938333333333332,0.0,0.0,0.0,1.0,0.0,1.0,0.0,0.0,0.0,,15.5,,,,,,,,,
829,Ta2Nb2MoW,0.0,1.0,0.0,0.0,0.0,0.0,1.0,0.0,0.0,0.0,,,,2.416,,,,,,,
830,Ta2ReMoW2,0.0,1.0,0.0,0.0,0.0,0.0,1.0,0.0,0.0,0.0,,,,1.851,,,,,,,
831,Ta3.49Ti72.68Nb23.83,0.5076666666666666,0.0,0.0,0.0,0.0,0.0,0.0,0.0,0.0,1.0,,,,,,3344187000.0,,,,,
832,Ta3.49Ti72.68Nb23.83,0.5243333333333333,0.0,0.0,0.0,0.0,0.0,0.0,0.0,0.0,1.0,,,,,,3275538000.0,,,,,
833,Ta3.51Ti70.89Nb23.9Fe1.7,0.5076666666666666,0.0,0.0,0.0,0.0,0.0,0.0,0.0,0.0,1.0,,,,,,3314766000.0,,,,,
834,Ta3.51Ti70.89Nb23.9Fe1.7,0.5243333333333333,0.0,0.0,0.0,0.0,0.0,0.0,0.0,0.0,1.0,,,,,,3334380000.0,,,,,
835,Ta3.52Ti69.1Nb23.96Fe3.42,0.5076666666666666,0.0,0.0,0.0,0.0,0.0,0.0,0.0,0.0,1.0,,,,,,3334380000.0,,,,,
836,Ta3.52Ti69.1Nb23.96Fe3.42,0.5243333333333333,0.0,0.0,0.0,0.0,0.0,0.0,0.0,0.0,1.0,,,,,,3334380000.0,,,,,
837,Ta3.53Ti67.3Nb24.03Fe5.14,0.5076666666666666,0.0,0.0,0.0,0.0,0.0,0.0,0.0,0.0,1.0,,,,,,3383415000.0,,,,,
838,Ta3.53Ti67.3Nb24.03Fe5.14,0.5243333333333333,0.0,0.0,0.0,0.0,0.0,0.0,0.0,0.0,1.0,,,,,,3246117000.0,,,,,
839,Ta3NbMoW,0.0,1.0,0.0,0.0,0.0,0.0,1.0,0.0,0.0,0.0,,,,2.425,,,,,,,
840,TaMo2RuW2,0.0,1.0,0.0,0.0,0.0,0.0,1.0,0.0,0.0,0.0,,,,2.301,,,,,,,
841,TaMoRuW,0.0,1.0,0.0,0.0,0.0,0.0,1.0,0.0,0.0,0.0,,,,2.525,,,,,,,
842,TaMoRuW3,0.0,1.0,0.0,0.0,0.0,0.0,1.0,0.0,0.0,0.0,,,,2.29,,,,,,,
843,TaNb2RuW2,0.0,1.0,0.0,0.0,0.0,0.0,1.0,0.0,0.0,0.0,,,,2.137,,,,,,,
844,TaNb3RuW,0.0,1.0,0.0,0.0,0.0,0.0,1.0,0.0,0.0,0.0,,,,2.233,,,,,,,
845,TaNbMoW,0.0,1.0,0.0,0.0,0.0,0.0,1.0,0.0,0.0,0.0,,,,2.041,,,,,,,
846,TaNbMoW,0.09866666666666667,0.0,0.0,1.0,0.0,1.0,1.0,0.0,0.0,0.0,,,996000000.0,,13.6,,,,,,
847,TaNbMoW,0.09933333333333333,0.0,0.0,0.0,1.0,0.0,1.0,0.0,0.0,0.0,,7.5,1217000000.0,,,4947631500.0,,,,,
848,TaNbMoW,0.09933333333333333,1.0,0.0,0.0,0.0,0.0,1.0,0.0,0.0,0.0,,2.0,1027000000.0,,,4972149000.0,,,1179500000.0,,
849,TaNbMoW,0.09933333333333333,1.0,0.0,0.0,0.0,1.0,1.0,0.0,0.0,0.0,,,,,,4853372500.0,,,,,
850,TaNbMoW,0.09938333333333332,0.0,0.0,0.0,1.0,0.0,1.0,0.0,0.0,0.0,,8.0,,,,,,,,,
851,TaNbMoW,0.09938333333333332,1.0,0.0,0.0,0.0,0.0,1.0,0.0,0.0,0.0,,2.1,,,,,,,,,
852,TaNbMoW,0.15766666666666665,0.0,0.0,0.0,1.0,0.0,1.0,0.0,0.0,0.0,,,,,,4118940000.0,,,,,
853,TaNbMoW,0.22433333333333333,0.0,0.0,0.0,1.0,0.0,1.0,0.0,0.0,0.0,,,,,,4167975000.0,,,,,
854,TaNbMoW,0.291,0.0,0.0,0.0,1.0,0.0,1.0,0.0,0.0,0.0,,,,,,3334380000.0,,,,,
855,TaNbMoW,0.291,1.0,0.0,0.0,0.0,0.0,1.0,0.0,0.0,0.0,,40.0,561000000.0,,,,,,,,
856,TaNbMoW,0.35766666666666663,0.0,0.0,0.0,1.0,0.0,1.0,0.0,0.0,0.0,,,,,,3290248500.0,,,,,
857,TaNbMoW,0.35766666666666663,1.0,0.0,0.0,0.0,0.0,1.0,0.0,0.0,0.0,,40.0,552000000.0,,,,,,,,
858,TaNbMoW,0.42433333333333334,0.0,0.0,1.0,0.0,1.0,1.0,0.0,0.0,0.0,,,548000000.0,,13.6,,,,,,
859,TaNbMoW,0.42433333333333334,1.0,0.0,0.0,0.0,0.0,1.0,0.0,0.0,0.0,,40.0,548000000.0,,,,,,,,
860,TaNbMoW,0.491,0.0,0.0,1.0,0.0,1.0,1.0,0.0,0.0,0.0,,,506000000.0,,13.6,,,,,,
861,TaNbMoW,0.491,1.0,0.0,0.0,0.0,0.0,1.0,0.0,0.0,0.0,,40.0,506000000.0,,,,,,,,
862,TaNbMoW,0.5576666666666666,1.0,0.0,0.0,0.0,0.0,1.0,0.0,0.0,0.0,,40.0,421000000.0,,,,,,,,
863,TaNbMoW,0.6243333333333333,1.0,0.0,0.0,0.0,0.0,1.0,0.0,0.0,0.0,,40.0,405000000.0,,,,,,,,
864,TaNbMoW3,0.0,1.0,0.0,0.0,0.0,0.0,1.0,0.0,0.0,0.0,,,,1.854,,,,,,,
865,TaNbVCrMoW,0.09933333333333333,0.0,0.0,0.0,1.0,0.0,1.0,0.0,0.0,1.0,,,3388000000.0,,,9958027800.0,,,,,
866,TaNbVCrMoW,0.09938333333333332,0.0,0.0,0.0,1.0,0.0,1.0,0.0,0.0,0.0,,5.3,,,,,,,,,
867,TaNbVMo,0.09933333333333333,1.0,0.0,0.0,0.0,1.0,1.0,0.0,0.0,0.0,,21.0,1525000000.0,,,4942728000.0,,,2400000000.0,,
868,TaNbVMo,0.09938333333333332,1.0,0.0,0.0,0.0,0.0,1.0,0.0,0.0,0.0,,21.0,,,,,,,,,
869,TaNbVMoW,0.0,1.0,0.0,0.0,0.0,0.0,1.0,0.0,0.0,0.0,,,,2.1793333333333336,,,,,,,
870,TaNbVMoW,0.09866666666666667,0.0,0.0,1.0,0.0,1.0,1.0,0.0,0.0,0.0,,,1246000000.0,,12.29,,,,,,
871,TaNbVMoW,0.09933333333333333,0.0,0.0,0.0,1.0,0.0,1.0,0.0,0.0,0.0,,,2612000000.0,,,,,,3472000000.0,,
872,TaNbVMoW,0.09933333333333333,1.0,0.0,0.0,0.0,0.0,1.0,0.0,0.0,0.0,,2.0,1246000000.0,,,5256552000.0,,,1270000000.0,,
873,TaNbVMoW,0.09933333333333333,1.0,0.0,0.0,0.0,1.0,1.0,0.0,0.0,0.0,,,,,,5250000000.0,,,,,
874,TaNbVMoW,0.09938333333333332,0.0,0.0,0.0,1.0,0.0,1.0,0.0,0.0,0.0,,8.8,,,,,,,,,
875,TaNbVMoW,0.09938333333333332,1.0,0.0,0.0,0.0,0.0,1.0,0.0,0.0,0.0,,1.7,,,,,,,,,
876,TaNbVMoW,0.291,1.0,0.0,0.0,0.0,0.0,1.0,0.0,0.0,0.0,,13.0,862000000.0,,,,,,,,
877,TaNbVMoW,0.35766666666666663,1.0,0.0,0.0,0.0,0.0,1.0,0.0,0.0,0.0,,17.0,846000000.0,,,,,,,,
878,TaNbVMoW,0.42433333333333334,0.0,0.0,1.0,0.0,1.0,1.0,0.0,0.0,0.0,,,842000000.0,,12.29,,,,,,
879,TaNbVMoW,0.42433333333333334,1.0,0.0,0.0,0.0,0.0,1.0,0.0,0.0,0.0,,19.0,842000000.0,,,,,,,,
880,TaNbVMoW,0.47433333333333333,0.0,0.0,0.0,0.0,0.0,1.0,0.0,0.0,0.0,,,,,,11400000000.0,,,,,
881,TaNbVMoW,0.491,0.0,0.0,1.0,0.0,1.0,1.0,0.0,0.0,0.0,,,735000000.0,,12.29,,,,,,
882,TaNbVMoW,0.491,1.0,0.0,0.0,0.0,0.0,1.0,0.0,0.0,0.0,,7.5,735000000.0,,,,,,,,
883,TaNbVMoW,0.5076666666666666,0.0,0.0,0.0,0.0,0.0,1.0,0.0,0.0,0.0,,,,,,10300000000.0,,,,,
884,TaNbVMoW,0.541,0.0,0.0,0.0,0.0,0.0,1.0,0.0,0.0,0.0,,,,,,10200000000.0,,,,,
885,TaNbVMoW,0.5576666666666666,1.0,0.0,0.0,0.0,0.0,1.0,0.0,0.0,0.0,,40.0,656000000.0,,,,,,,,
886,TaNbVMoW,0.591,0.0,0.0,0.0,0.0,0.0,1.0,0.0,0.0,0.0,,,,,,8800000000.0,,,,,
887,TaNbVMoW,0.6243333333333333,1.0,0.0,0.0,0.0,0.0,1.0,0.0,0.0,0.0,,40.0,477000000.0,,,,,,,,
888,TaNbVW,0.0,1.0,0.0,0.0,0.0,0.0,1.0,0.0,0.0,0.0,,,,2.527,,,,,,,
889,TaNbVW,0.09933333333333333,1.0,0.0,0.0,0.0,0.0,1.0,0.0,0.0,0.0,,12.0,1530000000.0,,,,,,1700000000.0,,
890,TaNbVW,0.09938333333333332,1.0,0.0,0.0,0.0,0.0,1.0,0.0,0.0,0.0,,12.0,,,,,,,,,
891,TaReMoW,0.0,1.0,0.0,0.0,0.0,0.0,1.0,0.0,0.0,0.0,,,,1.998,,,,,,,
892,TaReMoW3,0.0,1.0,0.0,0.0,0.0,0.0,1.0,0.0,0.0,0.0,,,,1.97,,,,,,,
893,TaTi13Nb42V12(Cr3Mo5)4,0.09933333333333333,0.0,0.0,0.0,1.0,0.0,1.0,0.0,0.0,1.0,,,2680000000.0,,8.02,7266987000.0,,,,,
894,TaTi2NbVMo,0.09938333333333332,0.0,0.0,0.0,1.0,0.0,1.0,1.0,0.0,0.0,,7.9,,,,,,,,,
895,TaTiAlVMo,0.09933333333333333,1.0,0.0,0.0,0.0,0.0,1.0,0.0,0.0,0.0,,,,,,,,,735000000.0,,
896,TaTiCrMo,0.09766666666666667,1.0,0.0,0.0,0.0,1.0,1.0,0.0,0.0,1.0,,,1795000000.0,,,,,,,,
897,TaTiCrMo,0.09933333333333333,1.0,0.0,0.0,0.0,0.0,1.0,0.0,0.0,0.0,,,,,,5285973000.0,,,,,
898,TaTiCrMo,0.09933333333333333,1.0,0.0,0.0,0.0,1.0,1.0,0.0,0.0,0.0,,,,,,5442885000.0,,,,,
899,TaTiCrMo,0.12433333333333332,1.0,0.0,0.0,0.0,1.0,1.0,0.0,0.0,1.0,,,1506000000.0,,,,,,,,
900,TaTiCrMo,0.15766666666666665,1.0,0.0,0.0,0.0,1.0,1.0,0.0,0.0,1.0,,,1266000000.0,,,,,,,,
901,TaTiCrMo,0.191,1.0,0.0,0.0,0.0,1.0,1.0,0.0,0.0,1.0,,,1183000000.0,,,,,,,,
902,TaTiCrMo,0.22433333333333333,1.0,0.0,0.0,0.0,1.0,1.0,0.0,0.0,1.0,,,1175000000.0,,,,,,,,
903,TaTiCrMo,0.291,1.0,0.0,0.0,0.0,1.0,1.0,0.0,0.0,1.0,,,1162000000.0,,,,,,,,
904,TaTiCrMo,0.35766666666666663,1.0,0.0,0.0,0.0,1.0,1.0,0.0,0.0,1.0,,,1162000000.0,,,,,,,,
905,TaTiCrMo,0.42433333333333334,1.0,0.0,0.0,0.0,1.0,1.0,0.0,0.0,1.0,,,1159000000.0,,,,,,,,
906,TaTiNb,0.09766666666666667,0.0,1.0,0.0,0.0,1.0,1.0,0.0,0.0,0.0,,,573000000.0,,,,,,,,
907,TaTiNb,0.09933333333333333,1.0,0.0,0.0,0.0,0.0,1.0,0.0,0.0,0.0,,,,,,2412522000.0,18.5,620000000.0,,683000000.0,143000000000.0
908,TaTiNb,0.12433333333333332,0.0,1.0,0.0,0.0,1.0,1.0,0.0,0.0,0.0,,,486000000.0,,,,,,,,
909,TaTiNb,0.15766666666666665,0.0,1.0,0.0,0.0,1.0,1.0,0.0,0.0,0.0,,,378000000.0,,,,,,,,
910,TaTiNb,0.191,0.0,1.0,0.0,0.0,1.0,1.0,0.0,0.0,0.0,,,314000000.0,,,,,,,,
911,TaTiNb,0.22433333333333333,0.0,1.0,0.0,0.0,1.0,1.0,0.0,0.0,0.0,,,232000000.0,,,,,,,,
912,TaTiNb,0.291,0.0,1.0,0.0,0.0,1.0,1.0,0.0,0.0,0.0,,,222000000.0,,,,,,,,
913,TaTiNb,0.35766666666666663,0.0,1.0,0.0,0.0,1.0,1.0,0.0,0.0,0.0,,,210000000.0,,,,,,,,
914,TaTiNb,0.42433333333333334,0.0,1.0,0.0,0.0,1.0,1.0,0.0,0.0,0.0,,,160000000.0,,,,,,,,
915,TaTiNbAl,0.09766666666666667,1.0,0.0,0.0,0.0,0.0,1.0,0.0,0.0,0.0,,,1152000000.0,,,,,,,,
916,TaTiNbAl,0.09933333333333333,1.0,0.0,0.0,0.0,0.0,1.0,0.0,0.0,0.0,,,,,,4491606000.0,,,,,
917,TaTiNbAl,0.12433333333333332,1.0,0.0,0.0,0.0,0.0,1.0,0.0,0.0,0.0,,,740000000.0,,,,,,,,
918,TaTiNbAl,0.15766666666666665,1.0,0.0,0.0,0.0,0.0,1.0,0.0,0.0,0.0,,,740000000.0,,,,,,,,
919,TaTiNbAlV,0.09933333333333333,1.0,0.0,0.0,0.0,0.0,1.0,0.0,0.0,0.0,,,993000000.0,,,,,,,,
920,TaTiNbCr,0.09933333333333333,1.0,0.0,0.0,0.0,0.0,1.0,0.0,0.0,0.0,,,,,,4854465000.0,,,,,
921,TaTiNbMo,0.09766666666666667,1.0,0.0,0.0,0.0,1.0,1.0,0.0,0.0,0.0,,,1210000000.0,,,,,,,,
922,TaTiNbMo,0.09933333333333333,1.0,0.0,0.0,0.0,0.0,1.0,0.0,0.0,0.0,,,,,,4270948500.0,,,,,
923,TaTiNbMo,0.09933333333333333,1.0,0.0,0.0,0.0,1.0,1.0,0.0,0.0,0.0,,,,,,4006159500.0,,,,,
924,TaTiNbMo,0.111,1.0,0.0,0.0,0.0,1.0,1.0,0.0,0.0,0.0,,,1071000000.0,,,,,,,,
925,TaTiNbMo,0.12433333333333332,1.0,0.0,0.0,0.0,1.0,1.0,0.0,0.0,0.0,,,1029000000.0,,,,,,,,
926,TaTiNbMo,0.15766666666666665,1.0,0.0,0.0,0.0,1.0,1.0,0.0,0.0,0.0,,,868000000.0,,,,,,,,
927,TaTiNbMo,0.191,1.0,0.0,0.0,0.0,1.0,1.0,0.0,0.0,0.0,,,732000000.0,,,,,,,,
928,TaTiNbMo,0.22433333333333333,1.0,0.0,0.0,0.0,1.0,1.0,0.0,0.0,0.0,,,685000000.0,,,,,,,,
929,TaTiNbMo,0.291,1.0,0.0,0.0,0.0,1.0,1.0,0.0,0.0,0.0,,,593000000.0,,,,,,,,
930,TaTiNbMo,0.35766666666666663,1.0,0.0,0.0,0.0,1.0,1.0,0.0,0.0,0.0,,,564000000.0,,,,,,,,
931,TaTiNbMo,0.42433333333333334,1.0,0.0,0.0,0.0,1.0,1.0,0.0,0.0,0.0,,,539000000.0,,,,,,,,
932,TaTiNbMoW,0.0,1.0,0.0,0.0,0.0,0.0,1.0,0.0,0.0,0.0,,,,2.498,,,,,,,
933,TaTiNbMoW,0.09866666666666667,1.0,0.0,0.0,0.0,0.0,1.0,0.0,0.0,0.0,,,1343000000.0,,11.72,,,,,,
934,TaTiNbMoW,0.09933333333333333,1.0,0.0,0.0,0.0,0.0,1.0,0.0,0.0,0.0,,,1399000000.0,,,4691423625.0,,,1957500000.0,,
935,TaTiNbMoW,0.09933333333333333,1.0,0.0,0.0,0.0,1.0,1.0,0.0,0.0,0.0,,,,,,4717167000.0,,,,,
936,TaTiNbMoW,0.291,1.0,0.0,0.0,0.0,0.0,1.0,0.0,0.0,0.0,,,689000000.0,,,,,,1681000000.0,,
937,TaTiNbMoW,0.35766666666666663,1.0,0.0,0.0,0.0,0.0,1.0,0.0,0.0,0.0,,,674000000.0,,,,,,1618000000.0,,
938,TaTiNbMoW,0.42433333333333334,1.0,0.0,0.0,0.0,0.0,1.0,0.0,0.0,0.0,,,620000000.0,,11.72,,,,1426000000.0,,
939,TaTiNbMoW,0.491,1.0,0.0,0.0,0.0,0.0,1.0,0.0,0.0,0.0,,,586000000.0,,11.72,,,,814000000.0,,
940,TaTiNbV,0.0,1.0,0.0,0.0,0.0,0.0,1.0,0.0,0.0,0.0,,,,3.2960000000000003,,,,,,,
941,TaTiNbV,0.09933333333333333,0.0,0.0,0.0,1.0,0.0,1.0,0.0,0.0,0.0,,28.566666666666666,1263000000.0,,,4521353900.0,,,,,
942,TaTiNbV,0.09933333333333333,1.0,0.0,0.0,0.0,0.0,1.0,0.0,0.0,0.0,,,1028500000.0,,,,,,,,
943,TaTiNbV,0.591,0.0,0.0,0.0,0.0,0.0,1.0,0.0,0.0,0.0,,,,,,4196415300.0,,,,,
944,TaTiNbV,0.6243333333333333,0.0,0.0,0.0,0.0,0.0,1.0,0.0,0.0,0.0,,,,,,4357250100.0,,,,,
945,TaTiNbV,0.6576666666666666,0.0,0.0,0.0,0.0,0.0,1.0,0.0,0.0,0.0,,,,,,5010396300.0,,,,,
946,TaTiNbVMo,0.0,1.0,0.0,0.0,0.0,0.0,1.0,0.0,0.0,0.0,,,,2.809,,,,,,,
947,TaTiNbVMo,0.09933333333333333,1.0,0.0,0.0,0.0,0.0,1.0,0.0,0.0,0.0,,,1400000000.0,,,,,,2450000000.0,,
948,TaTiNbVMo,0.09938333333333332,0.0,0.0,0.0,1.0,0.0,1.0,0.0,0.0,0.0,,24.9,,,,,,,,,
949,TaTiNbVMo,0.09938333333333332,1.0,0.0,0.0,0.0,0.0,1.0,0.0,0.0,0.0,,30.0,,,,,,,,,
950,TaTiNbVMoW,0.0,1.0,0.0,0.0,0.0,0.0,1.0,0.0,0.0,0.0,,,,2.575,,,,,,,
951,TaTiNbVMoW,0.09866666666666667,1.0,0.0,0.0,0.0,0.0,1.0,0.0,0.0,0.0,,,1515000000.0,,10.91,,,,,,
952,TaTiNbVMoW,0.09933333333333333,1.0,0.0,0.0,0.0,0.0,1.0,0.0,0.0,0.0,,,1515000000.0,,,,,,2135000000.0,,
953,TaTiNbVMoW,0.291,1.0,0.0,0.0,0.0,0.0,1.0,0.0,0.0,0.0,,,973000000.0,,,,,,1590000000.0,,
954,TaTiNbVMoW,0.35766666666666663,1.0,0.0,0.0,0.0,0.0,1.0,0.0,0.0,0.0,,,791300000.0,,,,,,1180000000.0,,
955,TaTiNbVMoW,0.42433333333333334,1.0,0.0,0.0,0.0,0.0,1.0,0.0,0.0,0.0,,,752900000.0,,10.91,,,,1105000000.0,,
956,TaTiNbVMoW,0.491,1.0,0.0,0.0,0.0,0.0,1.0,0.0,0.0,0.0,,,659000000.0,,10.91,,,,696000000.0,,
957,TaTiNbVW,0.0,1.0,0.0,0.0,0.0,0.0,1.0,0.0,0.0,0.0,,,,2.827,,,,,,,
958,TaTiNbVW,0.09933333333333333,1.0,0.0,0.0,0.0,0.0,1.0,0.0,0.0,0.0,,20.0,1420000000.0,,,,,,1800000000.0,,
959,TaTiNbVW,0.09938333333333332,1.0,0.0,0.0,0.0,0.0,1.0,0.0,0.0,0.0,,20.0,,,,,,,,,
960,TaTiNbW,0.09766666666666667,1.0,0.0,0.0,0.0,1.0,1.0,0.0,0.0,0.0,,,1054000000.0,,,,,,,,
961,TaTiNbW,0.12433333333333332,1.0,0.0,0.0,0.0,1.0,1.0,0.0,0.0,0.0,,,968000000.0,,,,,,,,
962,TaTiNbW,0.15766666666666665,1.0,0.0,0.0,0.0,1.0,1.0,0.0,0.0,0.0,,,869000000.0,,,,,,,,
963,TaTiNbW,0.191,1.0,0.0,0.0,0.0,1.0,1.0,0.0,0.0,0.0,,,754000000.0,,,,,,,,
964,TaTiNbW,0.22433333333333333,1.0,0.0,0.0,0.0,1.0,1.0,0.0,0.0,0.0,,,627000000.0,,,,,,,,
965,TaTiNbW,0.291,1.0,0.0,0.0,0.0,1.0,1.0,0.0,0.0,0.0,,,596000000.0,,,,,,,,
966,TaTiNbW,0.35766666666666663,1.0,0.0,0.0,0.0,1.0,1.0,0.0,0.0,0.0,,,564000000.0,,,,,,,,
967,TaTiNbW,0.42433333333333334,1.0,0.0,0.0,0.0,1.0,1.0,0.0,0.0,0.0,,,459000000.0,,,,,,,,
968,TaTiVMo,0.09933333333333333,1.0,0.0,0.0,0.0,0.0,1.0,0.0,0.0,0.0,,,1221000000.0,,,,,,1454000000.0,,
969,TaVCrW,0.09933333333333333,0.0,0.0,0.0,1.0,0.0,1.0,0.0,0.0,1.0,,2.0,2327000000.0,,,7012005000.0,,,,,
970,TaVCrW,0.491,0.0,0.0,0.0,1.0,0.0,1.0,0.0,0.0,1.0,,2.0,979000000.0,,,,,,,,
971,Ti(NbW)2,0.0,1.0,0.0,0.0,0.0,0.0,1.0,0.0,0.0,0.0,,,,2.5,,,,,,,
972,Ti0.25Al1Cr1Fe1Ni1Mo0.5,0.09933333333333333,1.0,0.0,0.0,0.0,0.0,1.0,0.0,0.0,0.0,,,2161700000.0,,,6982584000.0,,,3641500000.0,,
973,Ti0.2Al0.5Cr1Fe1Co1Cu1Ni1,0.09933333333333333,1.0,0.0,0.0,0.0,0.0,0.0,1.0,0.0,0.0,,,,,,2667504000.0,,,,,
974,Ti0.2Al1.8Cr1Fe1Co1Ni1,0.09933333333333333,1.0,0.0,0.0,0.0,0.0,1.0,0.0,0.0,0.0,,10.02,1324000000.0,,,5938138500.0,,,,,
975,Ti0.2Al1Cr1.5Fe0.2Co0.6Si1Ni1,0.09933333333333333,1.0,0.0,0.0,0.0,0.0,1.0,0.0,0.0,1.0,,,,,,7330732500.0,,,,,
976,Ti0.2Al1Cr1.5Fe0.2Co0.6Si1Ni1,0.09933333333333333,1.0,0.0,0.0,0.0,1.0,1.0,0.0,0.0,1.0,,,,,,8767458000.0,,,,,
977,Ti0.2Al1Cr1Fe0.2Co0.6Si0.2Ni0.2,0.09933333333333333,1.0,0.0,0.0,0.0,0.0,1.0,0.0,0.0,1.0,,,,,,6443199000.0,,,,,
978,Ti0.2Al1Cr1Fe0.2Co0.6Si0.2Ni0.2,0.09933333333333333,1.0,0.0,0.0,0.0,1.0,1.0,0.0,0.0,1.0,,,,,,8296722000.0,,,,,
979,Ti0.2Al1Cr1Fe0.2Co0.6Si1Ni1,0.09933333333333333,1.0,0.0,0.0,0.0,0.0,1.0,0.0,0.0,1.0,,,,,,6511848000.0,,,,,
980,Ti0.2Al1Cr1Fe0.2Co0.6Si1Ni1,0.09933333333333333,1.0,0.0,0.0,0.0,1.0,1.0,0.0,0.0,1.0,,,,,,8424213000.0,,,,,
981,Ti0.2Cr1Fe1Co1Ni1,0.025666666666666667,0.0,1.0,0.0,0.0,1.0,0.0,1.0,0.0,0.0,,,,,,,46.0,860000000.0,,1580000000.0,
982,Ti0.2Cr1Fe1Co1Ni1,0.09933333333333333,0.0,1.0,0.0,0.0,1.0,0.0,1.0,0.0,0.0,,,,,,,36.0,700000000.0,,1240000000.0,
983,Ti0.2Cr1Fe1Ni1,0.09933333333333333,1.0,0.0,0.0,0.0,0.0,1.0,1.0,0.0,0.0,,5.8,2297940000.0,,,3552095400.0,,,,,
984,Ti0.2Nb1Cr1Co1Mo1,0.09933333333333333,1.0,0.0,0.0,0.0,0.0,1.0,0.0,0.0,1.0,,,,,,,,,1905600000.0,,
985,Ti0.3Al0.4Cr1Fe1Co1.5Ni1,0.09933333333333333,0.0,0.0,0.0,1.0,0.0,1.0,1.0,0.0,0.0,,,2012000000.0,,,5050605000.0,,,,,
986,Ti0.3Cr1Fe1Co0.5Ni1.5,0.091,0.0,0.0,0.0,0.0,1.0,0.0,1.0,0.0,0.0,,,,,,1931979000.0,,,,,
987,Ti0.3Cr1Fe1Co0.5Ni1.5,0.09933333333333333,0.0,0.0,0.0,0.0,1.0,0.0,1.0,0.0,0.0,,,,,,3020556000.0,46.0,586000000.0,,875000000.0,
988,Ti0.3Cr1Fe1Co1Ni1,0.091,0.0,0.0,0.0,0.0,1.0,0.0,1.0,0.0,0.0,,,,,,1814295000.0,,,,,
989,Ti0.3Cr1Fe1Co1Ni1,0.09933333333333333,0.0,0.0,0.0,0.0,1.0,0.0,1.0,0.0,0.0,,,,,,2579241000.0,60.0,540000000.0,,772000000.0,
990,Ti0.3Cr1Fe1Co1Ni1,0.09933333333333333,1.0,0.0,0.0,0.0,0.0,0.0,1.0,0.0,1.0,,60.0,648000000.0,,,3432450000.0,,,,,
991,Ti0.3Cr1Fe1Ni1,0.09933333333333333,1.0,0.0,0.0,0.0,0.0,1.0,1.0,0.0,0.0,,,2364630000.0,,,5004512100.0,,,,,
992,Ti0.3Cr1Fe1Ni2,0.091,0.0,0.0,0.0,0.0,1.0,0.0,1.0,0.0,0.0,,,,,,2000628000.0,,,,,
993,Ti0.3Cr1Fe1Ni2,0.09933333333333333,0.0,0.0,0.0,0.0,1.0,0.0,1.0,0.0,0.0,,,,,,3285345000.0,37.0,672000000.0,,982000000.0,
994,Ti0.4Al0.5Cr1Fe1Co1Cu1Ni1,0.09933333333333333,1.0,0.0,0.0,0.0,0.0,0.0,1.0,0.0,0.0,,,,,,3148047000.0,,,,,
995,Ti0.4Al1Cr1Fe1Ni1Mo0.5,0.09933333333333333,1.0,0.0,0.0,0.0,0.0,1.0,0.0,0.0,0.0,,,2185100000.0,,,7177743300.0,,,3673400000.0,,
996,Ti0.4Cr1Fe1Ni1,0.09933333333333333,1.0,0.0,0.0,0.0,0.0,1.0,0.0,0.0,0.0,,6.5,2475410000.0,,,5887142100.0,,,,,
997,Ti0.4Nb1Cr1Co1Mo1,0.09933333333333333,1.0,0.0,0.0,0.0,0.0,1.0,0.0,0.0,0.0,,,,,,,,,1771300000.0,,
998,Ti0.4Nb24.9Cr24.9Co24.9Mo24.9,0.35766666666666663,0.0,0.0,0.0,0.0,0.0,1.0,0.0,0.0,0.0,,,,,,9022440000.0,,,,,
999,Ti0.4Nb24.9Cr24.9Co24.9Mo24.9,0.42433333333333334,0.0,0.0,0.0,0.0,0.0,1.0,0.0,0.0,1.0,,,,,,9130317000.0,,,,,
1000,Ti0.4Nb24.9Cr24.9Co24.9Mo24.9,0.491,0.0,0.0,0.0,0.0,0.0,1.0,0.0,0.0,1.0,,,,,,9414720000.0,,,,,
1001,Ti0.5Al0.25Cr1Fe1Co1Cu0.75Ni1,0.09933333333333333,1.0,0.0,0.0,0.0,0.0,0.0,1.0,0.0,0.0,,,750000000.0,,,,,,1970000000.0,,103000000000.0
1002,Ti0.5Al0.2Cr1Fe1Co1.5Ni1.5,0.09933333333333333,1.0,0.0,0.0,0.0,1.0,0.0,1.0,0.0,0.0,,,,,,4776009000.0,,,,,
1003,Ti0.5Al0.5Cr1Fe1Co1Cu0.5Ni1,0.09933333333333333,1.0,0.0,0.0,0.0,0.0,1.0,1.0,0.0,0.0,,,1580000000.0,,,,,,2389000000.0,,161000000000.0
1004,Ti0.5Al0.75Cr1Fe1Co1Cu0.25Ni1,0.09933333333333333,1.0,0.0,0.0,0.0,0.0,1.0,1.0,0.0,0.0,,,1900000000.0,,,,,,2697000000.0,,164000000000.0
1005,Ti0.5Al0.9Cr1Fe1Co1Ni1,0.091,1.0,0.0,0.0,0.0,0.0,1.0,0.0,0.0,1.0,,,,,,6109761000.0,,,,,
1006,Ti0.5Al1.5Cr1Fe1Co1Ni1,0.09933333333333333,1.0,0.0,0.0,0.0,0.0,1.0,0.0,0.0,0.0,,11.85,1566000000.0,,,6293151900.0,,,,,
1007,Ti0.5Al1Cr1Fe1Co1Ni1,0.09933333333333333,1.0,0.0,0.0,0.0,0.0,1.0,0.0,0.0,0.0,,24.4,2260000000.0,,,1745646000.0,,,3140000000.0,,177850000000.0
1008,Ti0.5Al1Cr1Fe1Ni1,0.09933333333333333,1.0,0.0,0.0,0.0,0.0,1.0,0.0,0.0,1.0,,15.0,1660000000.0,,,,,,,2330000000.0,
1009,Ti0.5Al1Cr1Fe1Ni1,0.09933333333333333,1.0,0.0,0.0,0.0,1.0,1.0,0.0,0.0,1.0,,10.766666666666666,1646666666.6666667,,,,,,,2026666666.6666667,
1010,Ti0.5Al1Cr1Fe1Ni1Mo0.5,0.09933333333333333,1.0,0.0,0.0,0.0,0.0,1.0,0.0,0.0,0.0,,,2228700000.0,,,7371921900.0,,,3166200000.0,,
1011,Ti0.5Cr1Fe1Co1.5Ni1.5,0.09933333333333333,1.0,0.0,0.0,0.0,1.0,0.0,1.0,0.0,0.0,,,,,,4991763000.0,,,,,
1012,Ti0.5Cr1Fe1Co1Cu1Ni1,0.09933333333333333,1.0,0.0,0.0,0.0,0.0,0.0,1.0,0.0,0.0,,22.0,700000000.0,,,,,,1650000000.0,,93000000000.0
1013,Ti0.5Cr1Fe1Co1Ni1,0.09933333333333333,1.0,0.0,0.0,0.0,0.0,0.0,1.0,0.0,1.0,,20.0,898000000.0,,,5050605000.0,,,,,
1014,Ti0.5Cr1Fe1Ni1,0.09933333333333333,1.0,0.0,0.0,0.0,0.0,1.0,0.0,0.0,0.0,,,2380790000.0,,,6959047200.0,,,,,
1015,Ti0.5Nb1Cr1Co1Mo1,0.09933333333333333,1.0,0.0,0.0,0.0,0.0,1.0,0.0,0.0,1.0,,,,,,,,,1609200000.0,,
1016,Ti0.6Al0.5Cr1Fe1Co1Cu1Ni1,0.09933333333333333,1.0,0.0,0.0,0.0,0.0,1.0,1.0,0.0,0.0,,,,,,4491606000.0,,,,,
1017,Ti0.6Al1Cr1Fe1Ni1Mo0.5,0.09933333333333333,1.0,0.0,0.0,0.0,0.0,1.0,0.0,0.0,0.0,,,1314500000.0,,,7415072700.0,,,1314500000.0,,
1018,Ti0.6Cr1Fe1Ni1,0.09933333333333333,1.0,0.0,0.0,0.0,0.0,1.0,0.0,0.0,0.0,,,1923150000.0,,,7043387400.0,,,,,
1019,Ti0.75Al1Cr1Fe1Ni1Mo0.5,0.09933333333333333,1.0,0.0,0.0,0.0,0.0,1.0,0.0,0.0,0.0,,,618800000.0,,,7514123400.0,,,618800000.0,,
1020,Ti0.8Al0.5Cr1Fe1Co1Cu1Ni1,0.09933333333333333,1.0,0.0,0.0,0.0,0.0,1.0,1.0,0.0,1.0,,,,,,5786130000.0,,,,,
1021,Ti0.8Al1.2Cr1Fe1Co1Ni1,0.09933333333333333,1.0,0.0,0.0,0.0,0.0,1.0,0.0,0.0,0.0,,7.73,1503000000.0,,,6272557200.0,,,,,
1022,Ti0.8Cr1Fe1Co1Cu1Ni1,0.09933333333333333,1.0,0.0,0.0,0.0,0.0,0.0,1.0,0.0,1.0,,3.0,1042000000.0,,,,,,1848000000.0,,
1023,Ti1.125Al1.125Fe0.75Cu1Ni1,0.09933333333333333,1.0,0.0,0.0,0.0,0.0,0.0,1.0,0.0,0.0,,,980000000.0,,,5060412000.0,,,1326000000.0,,145000000000.0
1024,Ti1.2Al0.5Cr1Fe1Co1Cu1Ni1,0.09933333333333333,1.0,0.0,0.0,0.0,0.0,1.0,1.0,0.0,1.0,,,,,,6335322000.0,,,,,
1025,Ti1.2Al0.8Cr1Fe1Co1Ni1,0.09933333333333333,1.0,0.0,0.0,0.0,0.0,1.0,0.0,0.0,1.0,,3.15,1272000000.0,,,8403618300.0,,,,,
1026,Ti1.4Al0.5Cr1Fe1Co1Cu1Ni1,0.09933333333333333,1.0,0.0,0.0,0.0,0.0,1.0,1.0,0.0,1.0,,,,,,6511848000.0,,,,,
1027,Ti1.5Al1Cr1Fe1Co1Ni1,0.09933333333333333,1.0,0.0,0.0,0.0,0.0,1.0,0.0,0.0,1.0,,6.6,2220000000.0,,,,,,2720000000.0,,159900000000.0
1028,Ti1.6Al0.5Cr1Fe1Co1Cu1Ni1,0.09933333333333333,1.0,0.0,0.0,0.0,0.0,1.0,1.0,0.0,1.0,,,,,,6443199000.0,,,,,
1029,Ti1.89Nb1V0.56Cr1,0.09938333333333332,1.0,0.0,0.0,0.0,0.0,1.0,0.0,0.0,0.0,,,,,,,0.0,,,,
1030,Ti1.8Al0.5Cr1Fe1Co1Cu1Ni1,0.09933333333333333,1.0,0.0,0.0,0.0,0.0,1.0,1.0,0.0,1.0,,,,,,6541269000.0,,,,,
1031,Ti11.1Mn11.1Al11.1V11.1Cr11.1Fe11.1Co11.1Cu11.1Ni11.1,0.09933333333333333,1.0,0.0,0.0,0.0,0.0,1.0,1.0,0.0,0.0,,1.0,1862000000.0,,,,,,2431000000.0,,164000000000.0
1032,Ti1Al0.2Cr1Fe1Co1.5Ni1.5,0.09933333333333333,1.0,0.0,0.0,0.0,1.0,0.0,1.0,0.0,1.0,,,,,,7031619000.0,,,,,
1033,Ti1Al0.5Cr1Fe1Co1Cu1Ni1,0.09933333333333333,1.0,0.0,0.0,0.0,0.0,1.0,1.0,0.0,1.0,,,,,,6237252000.0,,,,,
1034,Ti1Al0.5Cr1Fe1Co1Ni1,0.09933333333333333,1.0,0.0,0.0,0.0,0.0,1.0,0.0,0.0,1.0,,,,,,,,,1600000000.0,,107000000000.0
1035,Ti1Al1.5Cr1Fe1Co1Ni1,0.09933333333333333,1.0,0.0,0.0,0.0,0.0,1.0,0.0,0.0,0.0,,,,,,,,,2110000000.0,,133000000000.0
1036,Ti1Cr1Fe1Co1.5Ni1.5,0.09933333333333333,1.0,0.0,0.0,0.0,1.0,0.0,1.0,0.0,1.0,,,,,,6413778000.0,,,,,
1037,Ti1Nb1Al0.25V1Mo1,0.09933333333333333,1.0,0.0,0.0,0.0,0.0,1.0,0.0,0.0,0.0,,13.0,1250000000.0,,,4511220000.0,,,1500000000.0,,
1038,Ti1Nb1Al0.5V1Mo1,0.09933333333333333,1.0,0.0,0.0,0.0,0.0,1.0,0.0,0.0,0.0,,11.0,1625000000.0,,,4776009000.0,,,1800000000.0,,
1039,Ti1Nb1Al0.75V1Mo1,0.09933333333333333,1.0,0.0,0.0,0.0,0.0,1.0,0.0,0.0,0.0,,8.0,1260000000.0,,,5070219000.0,,,1300000000.0,,
1040,Ti1Nb1Al1V1Cr0.5,0.09933333333333333,1.0,0.0,0.0,0.0,1.0,1.0,0.0,0.0,0.0,,,1300000000.0,,,,,,1430000000.0,,
1041,Ti1Nb1Al1V1Cr0.5,0.291,1.0,0.0,0.0,0.0,1.0,1.0,0.0,0.0,0.0,,,1005000000.0,,,,,,1045000000.0,,
1042,Ti1Nb1Al1V1Cr0.5,0.35766666666666663,1.0,0.0,0.0,0.0,1.0,1.0,0.0,0.0,0.0,,,640000000.0,,,,,,685000000.0,,
1043,Ti1Nb1Al1V1Cr0.5,0.42433333333333334,1.0,0.0,0.0,0.0,1.0,1.0,0.0,0.0,0.0,,,40000000.0,,,,,,80000000.0,,
1044,Ti1Nb1Al1V1Cr1.5,0.09933333333333333,1.0,0.0,0.0,0.0,1.0,1.0,0.0,0.0,1.0,,,1700000000.0,,,,,,1700000000.0,,
1045,Ti1Nb1Al1V1Cr1.5,0.291,1.0,0.0,0.0,0.0,1.0,1.0,0.0,0.0,1.0,,,1370000000.0,,,,,,1480000000.0,,
1046,Ti1Nb1Al1V1Cr1.5,0.35766666666666663,1.0,0.0,0.0,0.0,1.0,1.0,0.0,0.0,1.0,,,970000000.0,,,,,,1045000000.0,,
1047,Ti1Nb1Al1V1Cr1.5,0.42433333333333334,1.0,0.0,0.0,0.0,1.0,1.0,0.0,0.0,1.0,,,75000000.0,,,,,,105000000.0,,
1048,Ti22.5Al22.5Fe15Cu20Ni20,0.09933333333333333,1.0,0.0,0.0,0.0,0.0,0.0,1.0,0.0,0.0,,,980000000.0,,,5060412000.0,,,1326000000.0,,145000000000.0
1049,Ti2Al0.5Cr1Fe1Co1Cu1Ni1,0.09933333333333333,1.0,0.0,0.0,0.0,0.0,1.0,1.0,0.0,1.0,,,,,,6825672000.0,,,,,
1050,Ti2Nb1Al0.5V0.5Cr1,0.09933333333333333,1.0,0.0,0.0,0.0,0.0,1.0,0.0,0.0,0.0,,,1240000000.0,,,,,,,,
1051,Ti2Nb1Al0.5V0.5Cr1,0.09933333333333333,1.0,0.0,0.0,0.0,1.0,1.0,0.0,0.0,1.0,,,1340000000.0,,,,,,1700000000.0,,
1052,Ti2Nb1Al0.5V0.5Cr1,0.291,1.0,0.0,0.0,0.0,1.0,1.0,0.0,0.0,1.0,,,930000000.0,,,,,,,,
1053,Ti2Nb1Al0.5V0.5Cr1,0.35766666666666663,1.0,0.0,0.0,0.0,1.0,1.0,0.0,0.0,1.0,,,445000000.0,,,,,,,,
1054,Ti2Nb1Al0.5V0.5Cr1,0.42433333333333334,1.0,0.0,0.0,0.0,1.0,1.0,0.0,0.0,1.0,,,90000000.0,,,,,,,,
1055,Ti2Nb2W,0.0,1.0,0.0,0.0,0.0,0.0,1.0,0.0,0.0,0.0,,,,3.182,,,,,,,
1056,Ti2NbW,0.0,1.0,0.0,0.0,0.0,0.0,1.0,0.0,0.0,0.0,,,,3.104,,,,,,,
1057,Ti34.375Nb20.625Al10V10Cr10Ni15,0.09938333333333332,1.0,0.0,0.0,0.0,1.0,1.0,0.0,0.0,0.0,,0.0,,,,,,,,,
1058,Ti34.375Nb20.625Al10V10Cr10Ni15,0.36605000000000004,1.0,0.0,0.0,0.0,1.0,1.0,0.0,0.0,0.0,,50.0,,,,,,,,,
1059,Ti39.0625Nb23.4375Al7V10Cr10Ni10.5,0.09938333333333332,1.0,0.0,0.0,0.0,1.0,1.0,0.0,0.0,0.0,,8.9,,,,,,,,,
1060,Ti39.0625Nb23.4375Al7V10Cr10Ni10.5,0.36605000000000004,1.0,0.0,0.0,0.0,1.0,1.0,0.0,0.0,0.0,,50.0,,,,,,,,,
1061,Ti42.1875Nb25.3125Al5V10Cr10Ni7.5,0.09938333333333332,1.0,0.0,0.0,0.0,1.0,1.0,0.0,0.0,0.0,,13.8,,,,,,,,,
1062,Ti42.1875Nb25.3125Al5V10Cr10Ni7.5,0.36605000000000004,1.0,0.0,0.0,0.0,1.0,1.0,0.0,0.0,0.0,,50.0,,,,,,,,,
1063,Ti5Nb3VCr,0.09938333333333332,1.0,0.0,0.0,0.0,1.0,1.0,0.0,0.0,0.0,,50.0,,,,,,,,,
1064,Ti5Nb3VCr,0.36605000000000004,1.0,0.0,0.0,0.0,1.0,1.0,0.0,0.0,0.0,,50.0,,,,,,,,,
1065,Ti6Al10Cr8Fe15Co25Ni36,0.09866666666666667,0.0,0.0,0.0,0.0,1.0,0.0,1.0,0.0,0.0,,,,,,,27.0,627000000.0,,1197000000.0,
1066,Ti6Al10Cr8Fe15Co25Ni36,0.09866666666666667,1.0,0.0,0.0,0.0,1.0,0.0,1.0,0.0,0.0,,,,,,,49.0,520000000.0,,696000000.0,
1067,Ti6Al10Cr8Fe15Co25Ni36,0.09933333333333333,1.0,0.0,0.0,0.0,1.0,0.0,1.0,0.0,1.0,,,,,,3383415000.0,16.0,582000000.0,,912500000.0,
1068,Ti6Al10Cr8Fe15Co25Ni36,0.291,0.0,0.0,0.0,0.0,1.0,0.0,1.0,0.0,0.0,,,,,,,12.0,594000000.0,,1006000000.0,
1069,Ti6Al10Cr8Fe15Co25Ni36,0.291,1.0,0.0,0.0,0.0,1.0,0.0,1.0,0.0,0.0,,,,,,,11.0,470000000.0,,561000000.0,
1070,Ti6Al10Cr8Fe15Co25Ni36,0.3243333333333333,0.0,0.0,0.0,0.0,1.0,0.0,1.0,0.0,0.0,,,,,,,17.0,547000000.0,,840000000.0,
1071,Ti6Al10Cr8Fe15Co25Ni36,0.3243333333333333,1.0,0.0,0.0,0.0,1.0,0.0,1.0,0.0,0.0,,,,,,,9.0,461000000.0,,560000000.0,
1072,Ti6Al10Cr8Fe15Co25Ni36,0.3243333333333333,1.0,0.0,0.0,0.0,1.0,0.0,1.0,0.0,1.0,,,,,,3383415000.0,14.5,486500000.0,,663000000.0,
1073,Ti6Al10Cr8Fe15Co25Ni36,0.35766666666666663,0.0,0.0,0.0,0.0,1.0,0.0,1.0,0.0,0.0,,,,,,,20.0,399000000.0,,575000000.0,
1074,Ti6Al10Cr8Fe15Co25Ni36,0.35766666666666663,1.0,0.0,0.0,0.0,1.0,0.0,1.0,0.0,0.0,,,,,,,6.0,445000000.0,,536000000.0,
1075,Ti6Al10Cr8Fe15Co25Ni36,0.391,0.0,0.0,0.0,0.0,1.0,0.0,1.0,0.0,0.0,,,,,,,34.0,243000000.0,,319000000.0,
1076,Ti6Al10Cr8Fe15Co25Ni36,0.391,1.0,0.0,0.0,0.0,1.0,0.0,1.0,0.0,0.0,,,,,,,8.0,219000000.0,,312000000.0,
1077,Ti7.5Mn7.5Al40V7.5Cr7.5Fe7.5Co7.5Cu7.5Ni7.5,0.09933333333333333,1.0,0.0,0.0,0.0,0.0,1.0,0.0,0.0,1.0,,1.0,1461000000.0,,,,,,1461000000.0,,163000000000.0
1078,Ti7Nb17V6Cr31(Mo12W)3,0.09933333333333333,1.0,0.0,0.0,1.0,0.0,1.0,0.0,0.0,1.0,,,1879000000.0,,,7730000000.0,,,,,
1079,Ti9Al18Cr18Fe17Ni33,0.09933333333333333,1.0,0.0,0.0,0.0,0.0,1.0,0.0,0.0,1.0,,16.3,,,,,,,,,
1080,Ti9Al18Cr18Fe17Ni33,0.09933333333333333,1.0,0.0,0.0,0.0,1.0,1.0,0.0,0.0,1.0,,19.8,,,,,,,,,
1081,TiAl2Cr12Fe12(CoNi)12,0.09933333333333333,0.0,1.0,0.0,0.0,1.0,0.0,1.0,0.0,1.0,,,,,,,28.0,825000000.0,,1183500000.0,
1082,TiAl2Cr12Fe12(CoNi)12,0.09933333333333333,1.0,0.0,0.0,0.0,1.0,0.0,1.0,0.0,0.0,,,,,,,70.0,210000000.0,,503000000.0,
1083,TiAl2CrFeCoNi,0.09933333333333333,1.0,0.0,0.0,0.0,0.0,1.0,0.0,0.0,0.0,,,,,,6305901000.0,,,1030000000.0,,94000000000.0
1084,TiAlCoNi,0.09933333333333333,0.0,0.0,0.0,1.0,0.0,1.0,0.0,0.0,0.0,,,,,,6590304000.0,,,,,
1085,TiAlCrFeCoCuNi,0.09933333333333333,1.0,0.0,0.0,0.0,0.0,1.0,1.0,0.0,0.0,,9.0,1234000000.0,,,,,,,,
1086,TiAlCrFeCoNi,0.09933333333333333,1.0,0.0,0.0,0.0,0.0,1.0,0.0,0.0,0.0,,10.7,1860000000.0,,,,,,2580000000.0,,90050000000.0
1087,TiAlCrFeCoNi,0.09933333333333333,1.0,0.0,0.0,0.0,0.0,1.0,0.0,0.0,1.0,,6.18,1448000000.0,,,6894321000.0,,,2280000000.0,,148000000000.0
1088,TiAlCrFeCuNi,0.09933333333333333,1.0,0.0,0.0,0.0,1.0,1.0,0.0,0.0,1.0,,,,,,,,,1219000000.0,,
1089,TiAlCrMo,0.09866666666666667,1.0,0.0,0.0,0.0,1.0,1.0,0.0,0.0,0.0,,,1100000000.0,,5.98,,,,,,
1090,TiAlCrMo,0.22433333333333333,1.0,0.0,0.0,0.0,1.0,1.0,0.0,0.0,0.0,,,1070000000.0,,,,,,,,
1091,TiAlCrMo,0.291,1.0,0.0,0.0,0.0,1.0,1.0,0.0,0.0,0.0,,,1020000000.0,,,,,,,,
1092,TiAlCrMo,0.35766666666666663,1.0,0.0,0.0,0.0,1.0,1.0,0.0,0.0,0.0,,,875000000.0,,,,,,,,
1093,TiAlCrMo,0.42433333333333334,1.0,0.0,0.0,0.0,1.0,1.0,0.0,0.0,0.0,,,375000000.0,,5.98,,,,,,
1094,TiAlCrMo,0.491,1.0,0.0,0.0,0.0,1.0,1.0,0.0,0.0,0.0,,,100000000.0,,5.98,,,,,,
1095,TiAlCrMoW,0.09933333333333333,1.0,0.0,0.0,0.0,1.0,1.0,0.0,0.0,0.0,,,,,,7845600000.0,,,,,
1096,TiAlCuNi,0.09933333333333333,1.0,0.0,0.0,0.0,0.0,0.0,1.0,0.0,0.0,,,300000000.0,,,5266359000.0,,,536000000.0,,108000000000.0
1097,TiAlFeCoCuNi,0.09933333333333333,1.0,0.0,0.0,0.0,0.0,1.0,1.0,0.0,0.0,,,,,,6139182000.0,,,,,
1098,TiAlFeCoNi,0.09933333333333333,0.0,0.0,0.0,1.0,0.0,1.0,0.0,0.0,0.0,,,,,,6541269000.0,,,,,
1099,TiAlFeCuNi,0.09933333333333333,1.0,0.0,0.0,0.0,0.0,0.0,1.0,0.0,0.0,,,1074000000.0,,,5060412000.0,,,1617000000.0,,146000000000.0
1100,TiAlFeNi,0.09933333333333333,0.0,0.0,0.0,1.0,0.0,1.0,0.0,0.0,0.0,,,,,,6531462000.0,,,,,
1101,TiCrFeCoCuNi,0.09933333333333333,1.0,0.0,0.0,0.0,0.0,0.0,1.0,0.0,0.0,,2.0,1272000000.0,,,,,,1272000000.0,,
1102,TiCrFeCoNi,0.09933333333333333,1.0,0.0,0.0,0.0,0.0,0.0,1.0,0.0,0.0,,,,,,,,,2020000000.0,,135000000000.0
1103,TiMnAl2VCrFeCoCuNi,0.09933333333333333,1.0,0.0,0.0,0.0,0.0,1.0,0.0,0.0,0.0,,2.0,1465000000.0,,,,,,2016000000.0,,190000000000.0
1104,TiMnVCrFeCoCuNi,0.09933333333333333,1.0,0.0,0.0,0.0,0.0,1.0,1.0,0.0,1.0,,1.0,1312000000.0,,,,,,1312000000.0,,74000000000.0
1105,TiNb2ReW2,0.0,1.0,0.0,0.0,0.0,0.0,1.0,0.0,0.0,0.0,,,,2.106,,,,,,,
1106,TiNb2Ru,0.0,1.0,0.0,0.0,0.0,0.0,1.0,0.0,0.0,0.0,,,,2.418,,,,,,,
1107,TiNb2RuW2,0.0,1.0,0.0,0.0,0.0,0.0,1.0,0.0,0.0,0.0,,,,2.25,,,,,,,
1108,TiNb2W,0.0,1.0,0.0,0.0,0.0,0.0,1.0,0.0,0.0,0.0,,,,2.705,,,,,,,
1109,TiNb3ReW,0.0,1.0,0.0,0.0,0.0,0.0,1.0,0.0,0.0,0.0,,,,2.364,,,,,,,
1110,TiNb3RuW,0.0,1.0,0.0,0.0,0.0,0.0,1.0,0.0,0.0,0.0,,,,2.457,,,,,,,
1111,TiNbAlCrMo,0.09866666666666667,1.0,0.0,0.0,0.0,1.0,1.0,0.0,0.0,1.0,,,1010000000.0,,6.56,,,,,,
1112,TiNbAlCrMo,0.22433333333333333,1.0,0.0,0.0,0.0,0.0,1.0,0.0,0.0,0.0,,2.0,1080000000.0,,,,,,1100000000.0,,
1113,TiNbAlCrMo,0.291,1.0,0.0,0.0,0.0,0.0,1.0,0.0,0.0,0.0,,3.0,1060000000.0,,,,,,1170000000.0,,
1114,TiNbAlCrMo,0.291,1.0,0.0,0.0,0.0,1.0,1.0,0.0,0.0,0.0,,,930000000.0,,,,,,,,
1115,TiNbAlCrMo,0.35766666666666663,1.0,0.0,0.0,0.0,0.0,1.0,0.0,0.0,0.0,,2.0,860000000.0,,,,,,1000000000.0,,
1116,TiNbAlCrMo,0.35766666666666663,1.0,0.0,0.0,0.0,1.0,1.0,0.0,0.0,0.0,,,875000000.0,,,,,,,,
1117,TiNbAlCrMo,0.42433333333333334,1.0,0.0,0.0,0.0,0.0,1.0,0.0,0.0,0.0,,15.0,594000000.0,,,,,,630000000.0,,
1118,TiNbAlCrMo,0.42433333333333334,1.0,0.0,0.0,0.0,1.0,1.0,0.0,0.0,0.0,,,550000000.0,,,,,,,,
1119,TiNbAlCrMo,0.42433333333333334,1.0,0.0,0.0,0.0,1.0,1.0,0.0,0.0,1.0,,,550000000.0,,6.56,,,,,,
1120,TiNbAlCrMo,0.491,1.0,0.0,0.0,0.0,0.0,1.0,0.0,0.0,0.0,,24.0,105000000.0,,,,,,116000000.0,,
1121,TiNbAlCrMo,0.491,1.0,0.0,0.0,0.0,1.0,1.0,0.0,0.0,0.0,,,150000000.0,,,,,,,,
1122,TiNbAlCrMo,0.491,1.0,0.0,0.0,0.0,1.0,1.0,0.0,0.0,1.0,,,105000000.0,,6.56,,,,,,
1123,TiNbAlMo,0.09866666666666667,1.0,0.0,0.0,0.0,1.0,1.0,0.0,0.0,0.0,,,1100000000.0,,6.46,,,,,,
1124,TiNbAlMo,0.09933333333333333,1.0,0.0,0.0,0.0,0.0,1.0,0.0,0.0,0.0,,,,,,4991763000.0,,,,,
1125,TiNbAlMo,0.291,1.0,0.0,0.0,0.0,1.0,1.0,0.0,0.0,0.0,,,520000000.0,,,,,,,,
1126,TiNbAlMo,0.35766666666666663,1.0,0.0,0.0,0.0,1.0,1.0,0.0,0.0,0.0,,,500000000.0,,,,,,,,
1127,TiNbAlMo,0.42433333333333334,1.0,0.0,0.0,0.0,1.0,1.0,0.0,0.0,0.0,,,540000000.0,,6.46,,,,,,
1128,TiNbAlMo,0.491,1.0,0.0,0.0,0.0,1.0,1.0,0.0,0.0,0.0,,,200000000.0,,6.46,,,,,,
1129,TiNbAlV,0.09933333333333333,1.0,0.0,0.0,0.0,0.0,1.0,0.0,0.0,0.0,,,,,,4315000000.0,,,,,
1130,TiNbAlV,0.09933333333333333,1.0,0.0,0.0,0.0,1.0,1.0,0.0,0.0,0.0,,,1005000000.0,,,4393768000.0,,,1289500000.0,,
1131,TiNbAlV,0.09938333333333332,1.0,0.0,0.0,0.0,0.0,1.0,0.0,0.0,0.0,,5.0,,,,,,,,,
1132,TiNbAlV,0.291,1.0,0.0,0.0,0.0,1.0,1.0,0.0,0.0,0.0,,,787500000.0,,,,,,1016250000.0,,
1133,TiNbAlV,0.35766666666666663,1.0,0.0,0.0,0.0,1.0,1.0,0.0,0.0,0.0,,,591250000.0,,,,,,700000000.0,,
1134,TiNbAlV,0.42433333333333334,1.0,0.0,0.0,0.0,1.0,1.0,0.0,0.0,0.0,,,134000000.0,,,,,,,,
1135,TiNbAlVCr,0.09933333333333333,1.0,0.0,0.0,0.0,1.0,1.0,0.0,0.0,1.0,,,1550000000.0,,,,,,1570000000.0,,
1136,TiNbAlVCr,0.291,1.0,0.0,0.0,0.0,1.0,1.0,0.0,0.0,1.0,,,1015000000.0,,,,,,1060000000.0,,
1137,TiNbAlVCr,0.35766666666666663,1.0,0.0,0.0,0.0,1.0,1.0,0.0,0.0,1.0,,,860000000.0,,,,,,895000000.0,,
1138,TiNbAlVCr,0.42433333333333334,1.0,0.0,0.0,0.0,1.0,1.0,0.0,0.0,1.0,,,65000000.0,,,,,,95000000.0,,
1139,TiNbAlVMo,0.09933333333333333,1.0,0.0,0.0,0.0,0.0,1.0,0.0,0.0,0.0,,3.0,1375000000.0,,,5266359000.0,,,1400000000.0,,
1140,TiNbCrCoMo,0.09933333333333333,1.0,0.0,0.0,0.0,0.0,1.0,0.0,0.0,1.0,,,,,,,,,1096800000.0,,
1141,TiNbCrFeMo,0.09933333333333333,1.0,0.0,0.0,0.0,0.0,1.0,0.0,0.0,1.0,,0.9,1647000000.0,,,7767144000.0,,,,,
1142,TiNbCrMo,0.09766666666666667,1.0,0.0,0.0,0.0,1.0,1.0,0.0,0.0,0.0,,,1630000000.0,,,,,,,,
1143,TiNbCrMo,0.15766666666666665,1.0,0.0,0.0,0.0,1.0,1.0,0.0,0.0,0.0,,,1268000000.0,,,,,,,,
1144,TiNbCrMo,0.22433333333333333,1.0,0.0,0.0,0.0,1.0,1.0,0.0,0.0,0.0,,,1115000000.0,,,,,,,,
1145,TiNbCrMo,0.291,1.0,0.0,0.0,0.0,1.0,1.0,0.0,0.0,0.0,,,1062000000.0,,,,,,,,
1146,TiNbCrMo,0.35766666666666663,1.0,0.0,0.0,0.0,1.0,1.0,0.0,0.0,0.0,,,1058000000.0,,,,,,,,
1147,TiNbCrMoW,0.09933333333333333,0.0,0.0,0.0,1.0,0.0,1.0,0.0,0.0,1.0,,5.79,1868000000.0,,,,,,,,
1148,TiNbCrW,0.09933333333333333,1.0,0.0,0.0,0.0,0.0,1.0,0.0,0.0,0.0,,,,,,6178410000.0,,,,,
1149,TiNbCrW,0.09933333333333333,1.0,0.0,0.0,0.0,1.0,1.0,0.0,0.0,1.0,,,,,,6178410000.0,,,,,
1150,TiNbMo,0.0,1.0,0.0,0.0,0.0,0.0,1.0,0.0,0.0,0.0,,,,2.651,,,,,,,
1151,TiNbMo,0.09866666666666667,0.0,0.0,1.0,0.0,1.0,1.0,0.0,0.0,0.0,,,1100000000.0,,7.67,,,,,,
1152,TiNbMo,0.42433333333333334,0.0,0.0,1.0,0.0,1.0,1.0,0.0,0.0,0.0,,,504000000.0,,7.67,,,,,,
1153,TiNbMo,0.491,0.0,0.0,1.0,0.0,1.0,1.0,0.0,0.0,0.0,,,324000000.0,,7.67,,,,,,
1154,TiNbReW,0.0,1.0,0.0,0.0,0.0,0.0,1.0,0.0,0.0,0.0,,,,2.0780000000000003,,,,,,,
1155,TiNbReW3,0.0,1.0,0.0,0.0,0.0,0.0,1.0,0.0,0.0,0.0,,,,1.938,,,,,,,
1156,TiNbRu,0.0,1.0,0.0,0.0,0.0,0.0,1.0,0.0,0.0,0.0,,,,2.492,,,,,,,
1157,TiNbRuW,0.0,1.0,0.0,0.0,0.0,0.0,1.0,0.0,0.0,0.0,,,,2.269,,,,,,,
1158,TiNbRuW3,0.0,1.0,0.0,0.0,0.0,0.0,1.0,0.0,0.0,0.0,,,,2.175,,,,,,,
1159,TiNbVFeMo,0.09933333333333333,1.0,0.0,0.0,0.0,0.0,1.0,0.0,0.0,0.0,,1.7,1707000000.0,,,6855093000.0,,,,,
1160,TiNbVMo,0.0,1.0,0.0,0.0,0.0,0.0,1.0,0.0,0.0,0.0,,,,2.629,,,,,,,
1161,TiNbVMo,0.09933333333333333,1.0,0.0,0.0,0.0,0.0,1.0,0.0,0.0,0.0,,26.0,1200000000.0,,,4324887000.0,,,2050000000.0,,
1162,TiNbW,0.0,1.0,0.0,0.0,0.0,0.0,1.0,0.0,0.0,0.0,,,,2.758,,,,,,,
1163,TiNbW2,0.0,1.0,0.0,0.0,0.0,0.0,1.0,0.0,0.0,0.0,,,,2.399,,,,,,,
1164,TiReW,0.0,1.0,0.0,0.0,0.0,0.0,1.0,0.0,0.0,0.0,,,,1.973,,,,,,,
1165,TiReW2,0.0,1.0,0.0,0.0,0.0,0.0,1.0,0.0,0.0,0.0,,,,1.924,,,,,,,
1166,TiV23Cr,0.091,1.0,0.0,0.0,0.0,1.0,1.0,0.0,0.0,0.0,,,,,,1864408770.0,,,,,
1167,TiV23Cr,0.15766666666666665,1.0,0.0,0.0,0.0,1.0,1.0,0.0,0.0,0.0,,,,,,1842931440.0,,,,,
1168,TiV23Cr,0.191,1.0,0.0,0.0,0.0,1.0,1.0,0.0,0.0,0.0,,,,,,1854601770.0,,,,,
1169,TiV23Cr,0.22433333333333333,1.0,0.0,0.0,0.0,1.0,1.0,0.0,0.0,0.0,,,,,,1854601770.0,,,,,
1170,TiV23Cr,0.241,1.0,0.0,0.0,0.0,1.0,1.0,0.0,0.0,0.0,,,,,,1981798560.0,,,,,
1171,TiV23Cr,0.25766666666666665,1.0,0.0,0.0,0.0,1.0,1.0,0.0,0.0,0.0,,,,,,2020340070.0,,,,,
1172,TiV23Cr,0.2743333333333333,1.0,0.0,0.0,0.0,1.0,1.0,0.0,0.0,0.0,,,,,,1991605560.0,,,,,
1173,TiV23Cr,0.2776666666666667,1.0,0.0,0.0,0.0,1.0,1.0,0.0,0.0,0.0,,,,,,2009846580.0,,,,,
1174,TiV23Cr,0.291,1.0,0.0,0.0,0.0,1.0,1.0,0.0,0.0,0.0,,,,,,2050349490.0,,,,,
1175,TiV23Cr,0.3243333333333333,1.0,0.0,0.0,0.0,1.0,1.0,0.0,0.0,0.0,,,,,,1981210140.0,,,,,
1176,TiV23Cr,0.34099999999999997,1.0,0.0,0.0,0.0,1.0,1.0,0.0,0.0,0.0,,,,,,1970716650.0,,,,,
1177,TiV23Cr,0.35766666666666663,1.0,0.0,0.0,0.0,1.0,1.0,0.0,0.0,0.0,,,,,,1912070790.0,,,,,
1178,TiV23Cr,0.391,1.0,0.0,0.0,0.0,1.0,1.0,0.0,0.0,0.0,,,,,,1833124440.0,,,,,
1179,V0.5Fe1Co1Ni2Mo0.2,0.025666666666666667,1.0,0.0,0.0,0.0,0.0,0.0,1.0,0.0,0.0,,,,,,,,419000000.0,,,
1180,V0.5Fe1Co1Ni2Mo0.2,0.06766666666666667,1.0,0.0,0.0,0.0,0.0,0.0,1.0,0.0,0.0,,,,,,,,350000000.0,,,
1181,V0.5Fe1Co1Ni2Mo0.2,0.09766666666666667,1.0,0.0,0.0,0.0,0.0,0.0,1.0,0.0,0.0,,,,,,,,252000000.0,,,
1182,V0.5Fe1Co1Ni2Mo0.2,0.291,1.0,0.0,0.0,0.0,0.0,0.0,1.0,0.0,0.0,,,,,,,,214000000.0,,,
1183,V0.5Fe1Co1Ni2Mo0.2,0.3243333333333333,1.0,0.0,0.0,0.0,0.0,0.0,1.0,0.0,0.0,,,,,,,,212000000.0,,,
1184,V0.5Fe1Co1Ni2Mo0.2,0.35766666666666663,1.0,0.0,0.0,0.0,0.0,0.0,1.0,0.0,0.0,,,,,,,,187000000.0,,,
1185,V12Cr17.6Fe17.6Co17.6Cu17.6Ni17.6,0.09933333333333333,1.0,0.0,0.0,0.0,0.0,0.0,1.0,0.0,1.0,,50.2,330000000.0,,,,,,,,
1186,V16Cr16.8Fe16.8Co16.8Cu16.8Ni16.8,0.09933333333333333,1.0,0.0,0.0,0.0,0.0,0.0,1.0,0.0,1.0,,28.0,616000000.0,,,,,,,,
1187,V1Fe1Co1Ni1.2Mo1,0.09933333333333333,1.0,0.0,0.0,0.0,0.0,0.0,1.0,0.0,1.0,,,,,,5903814000.0,,,,,
1188,V1Fe1Co1Ni1.4Mo1,0.09933333333333333,1.0,0.0,0.0,0.0,0.0,0.0,1.0,0.0,1.0,,,,,,5276166000.0,,,,,
1189,V1Fe1Co1Ni1.6Mo1,0.09933333333333333,1.0,0.0,0.0,0.0,0.0,0.0,1.0,0.0,1.0,,,,,,5099640000.0,,,,,
1190,V1Fe1Co1Ni1.8Mo1,0.09933333333333333,1.0,0.0,0.0,0.0,0.0,0.0,1.0,0.0,1.0,,,,,,5001570000.0,,,,,
1191,V1Fe1Co1Ni1Mo0.2,0.09933333333333333,1.0,0.0,0.0,0.0,0.0,0.0,1.0,0.0,1.0,,,,,,2618469000.0,,,,,
1192,V1Fe1Co1Ni1Mo0.4,0.09933333333333333,1.0,0.0,0.0,0.0,0.0,0.0,1.0,0.0,1.0,,,,,,3942414000.0,,,,,
1193,V1Fe1Co1Ni1Mo0.6,0.09933333333333333,1.0,0.0,0.0,0.0,0.0,0.0,1.0,0.0,1.0,,,,,,5462499000.0,,,,,
1194,V1Fe1Co1Ni1Mo0.8,0.09933333333333333,1.0,0.0,0.0,0.0,0.0,0.0,1.0,0.0,1.0,,,,,,5943042000.0,,,,,
1195,V4Cr19.2Fe19.2Co19.2Cu19.2Ni19.2,0.09933333333333333,1.0,0.0,0.0,0.0,0.0,0.0,1.0,0.0,1.0,,50.2,303000000.0,,,,,,,,
1196,V8Cr18.4Fe18.4Co18.4Cu18.4Ni18.4,0.09933333333333333,1.0,0.0,0.0,0.0,0.0,0.0,1.0,0.0,1.0,,50.2,307000000.0,,,,,,,,
1197,VCr2Fe2(NiW)2,0.09933333333333333,1.0,0.0,0.0,0.0,0.0,1.0,1.0,0.0,1.0,,7.3,,,,,,,,,
1198,VFeCoNi,0.09933333333333333,1.0,0.0,0.0,0.0,0.0,0.0,1.0,0.0,0.0,,,,,,2334066000.0,,,,,
1199,VFeCoNi2Mo,0.09933333333333333,1.0,0.0,0.0,0.0,0.0,0.0,1.0,0.0,1.0,,,,,,3746274000.0,,,,,
1200,VFeCoNiMo,0.09933333333333333,1.0,0.0,0.0,0.0,0.0,0.0,1.0,0.0,1.0,,,,,,6129375000.0,,,,,
1201,VMoRuW,0.0,1.0,0.0,0.0,0.0,0.0,1.0,0.0,0.0,0.0,,,,2.46,,,,,,,
1202,VMoRuW3,0.0,1.0,0.0,0.0,0.0,0.0,1.0,0.0,0.0,0.0,,,,2.316,,,,,,,
1203,Y0.5Ti1Al1Cr1Co1Cu1Ni1,0.09933333333333333,1.0,0.0,0.0,0.0,0.0,0.0,0.0,0.0,1.0,,,,,,,,,1025000000.0,,36000000000.0
1204,Y0.8Ti1Al1Cr1Co1Cu1Ni1,0.09933333333333333,1.0,0.0,0.0,0.0,0.0,0.0,0.0,0.0,1.0,,,,,,,,,1325000000.0,,38000000000.0
1205,YHfZrScTi,0.09933333333333333,1.0,0.0,0.0,0.0,0.0,0.0,0.0,1.0,0.0,,15.7,793000000.0,,,2510592000.0,,,,,
1206,YHfZrTi,0.09933333333333333,1.0,0.0,0.0,0.0,0.0,0.0,0.0,1.0,0.0,,17.7,554000000.0,,,2363487000.0,,,,,
1207,YTiAlCrCoCuNi,0.09933333333333333,1.0,0.0,0.0,0.0,0.0,0.0,0.0,0.0,1.0,,,,,,,,,1192000000.0,,37000000000.0
1208,ZnCrCoCuNi,0.09933333333333333,0.0,0.0,0.0,1.0,0.0,0.0,1.0,0.0,0.0,,,2121000000.0,,7.89,6031305000.0,,,,,
1209,ZnCrCoCuNi,0.09933333333333333,0.0,0.0,0.0,1.0,0.0,1.0,1.0,0.0,0.0,,,,,6.453333333333333,,,,,,
1210,Zr0.1Ti1Nb1Al1V1,0.09933333333333333,1.0,0.0,0.0,0.0,1.0,1.0,0.0,0.0,1.0,,,1290000000.0,,,,,,1395000000.0,,
1211,Zr0.1Ti1Nb1Al1V1,0.291,1.0,0.0,0.0,0.0,1.0,1.0,0.0,0.0,1.0,,,975000000.0,,,,,,1085000000.0,,
1212,Zr0.1Ti1Nb1Al1V1,0.35766666666666663,1.0,0.0,0.0,0.0,1.0,1.0,0.0,0.0,1.0,,,865000000.0,,,,,,920000000.0,,
1213,Zr0.25Ti1Nb1Al1V1,0.09933333333333333,1.0,0.0,0.0,0.0,1.0,1.0,0.0,0.0,1.0,,,1360000000.0,,,,,,1480000000.0,,
1214,Zr0.25Ti1Nb1Al1V1,0.291,1.0,0.0,0.0,0.0,1.0,1.0,0.0,0.0,1.0,,,1065000000.0,,,,,,1260000000.0,,
1215,Zr0.25Ti1Nb1Al1V1,0.35766666666666663,1.0,0.0,0.0,0.0,1.0,1.0,0.0,0.0,1.0,,,855000000.0,,,,,,865000000.0,,
1216,Zr0.5Ta0.5Ti1.5Nb1.5Al1,0.09933333333333333,0.0,0.0,1.0,0.0,1.0,1.0,0.0,0.0,0.0,,4.0,1280000000.0,,,4001256000.0,,,1367000000.0,,
1217,Zr0.5Ta0.5Ti1.5Nb1.5Al1,0.35766666666666663,0.0,0.0,1.0,0.0,1.0,1.0,0.0,0.0,0.0,,12.0,728000000.0,,,,,,1000000000.0,,
1218,Zr0.5Ta0.5Ti1.5Nb1.5Al1,0.42433333333333334,0.0,0.0,1.0,0.0,1.0,1.0,0.0,0.0,0.0,,50.0,403000000.0,,,,,,415000000.0,,
1219,Zr0.5Ta0.5Ti1Nb1Al1,0.09933333333333333,0.0,0.0,1.0,0.0,1.0,1.0,0.0,0.0,0.0,,,1352000000.0,,,,,,1357000000.0,,
1220,Zr0.5Ta0.5Ti1Nb1Al1,0.42433333333333334,0.0,0.0,1.0,0.0,1.0,1.0,0.0,0.0,0.0,,,535000000.0,,,,,,542000000.0,,
1221,Zr0.5Ta0.5Ti1Nb1Al1Mo0.5,0.09933333333333333,0.0,0.0,1.0,0.0,1.0,1.0,0.0,0.0,0.0,,,,,,,,,1320000000.0,,
1222,Zr0.5Ta0.5Ti1Nb1Al1Mo0.5,0.42433333333333334,0.0,0.0,1.0,0.0,1.0,1.0,0.0,0.0,0.0,,,935000000.0,,,,,,1019000000.0,,
1223,Zr0.5Ta1Ti1Nb1.5,0.09933333333333333,1.0,0.0,0.0,0.0,0.0,1.0,0.0,0.0,1.0,,,,,,2883258000.0,0.33,822000000.0,,852000000.0,127000000000.0
1224,Zr0.5Ti1Nb1Al1V1,0.09933333333333333,1.0,0.0,0.0,0.0,1.0,1.0,0.0,0.0,1.0,,,1485000000.0,,,,,,,,
1225,Zr0.5Ti1Nb1Al1V1,0.291,1.0,0.0,0.0,0.0,1.0,1.0,0.0,0.0,1.0,,,1135000000.0,,,,,,1425000000.0,,
1226,Zr0.5Ti1Nb1Al1V1,0.35766666666666663,1.0,0.0,0.0,0.0,1.0,1.0,0.0,0.0,1.0,,,675000000.0,,,,,,740000000.0,,
1227,Zr1.3Ta0.8Ti1.4Nb1Al0.3V0.2,0.09933333333333333,0.0,0.0,1.0,0.0,1.0,1.0,0.0,0.0,0.0,,5.0,1965000000.0,,,4903500000.0,,,2061000000.0,,
1228,Zr1.3Ta0.8Ti1.4Nb1Al0.3V0.2,0.35766666666666663,0.0,0.0,1.0,0.0,1.0,1.0,0.0,0.0,0.0,,50.0,678000000.0,,,,,,693000000.0,,
1229,Zr1.3Ta0.8Ti1.4Nb1Al0.3V0.2,0.42433333333333334,0.0,0.0,1.0,0.0,1.0,1.0,0.0,0.0,0.0,,50.0,166000000.0,,,,,,189000000.0,,
1230,Zr1.3Ta1Ti1.4Nb1Al0.3,0.09933333333333333,0.0,0.0,1.0,0.0,1.0,1.0,0.0,0.0,0.0,,5.0,1965000000.0,,,4805430000.0,,,2054000000.0,,
1231,Zr1.3Ta1Ti1.4Nb1Al0.3,0.35766666666666663,0.0,0.0,1.0,0.0,1.0,1.0,0.0,0.0,0.0,,50.0,362000000.0,,,,,,397000000.0,,
1232,Zr1.3Ta1Ti1.4Nb1Al0.3,0.42433333333333334,0.0,0.0,1.0,0.0,1.0,1.0,0.0,0.0,0.0,,50.0,236000000.0,,,,,,247000000.0,,
1233,Zr1.5Ta1Ti1Nb0.5,0.09933333333333333,1.0,0.0,0.0,0.0,0.0,1.0,0.0,0.0,1.0,,,,,,4795623000.0,0.0,,,843000000.0,93000000000.0
1234,Zr1.5Ti1Nb1Al1V1,0.09933333333333333,1.0,0.0,0.0,0.0,1.0,1.0,0.0,0.0,1.0,,,1535000000.0,,,,,,1550000000.0,,
1235,Zr1.5Ti1Nb1Al1V1,0.291,1.0,0.0,0.0,0.0,1.0,1.0,0.0,0.0,1.0,,,1195000000.0,,,,,,1195000000.0,,
1236,Zr1.5Ti1Nb1Al1V1,0.35766666666666663,1.0,0.0,0.0,0.0,1.0,1.0,0.0,0.0,1.0,,,180000000.0,,,,,,395000000.0,,
1237,Zr10Ti10Nb2VMoW9,0.09933333333333333,1.0,0.0,0.0,0.0,0.0,1.0,0.0,0.0,0.0,,,,,,4900000000.0,,,,,
1238,Zr14.3Ti14.3Nb14.3V14.3Cr14.3Mo14.3W14.3,0.541,1.0,0.0,0.0,0.0,1.0,1.0,0.0,0.0,0.0,,,,,,6639339000.0,,,,,
1239,Zr15.1Ti6.5Nb27.8V24.1Mo20.3W6.2,0.09933333333333333,1.0,0.0,0.0,0.0,1.0,1.0,0.0,0.0,1.0,,,780367000.0,,,5300000000.0,,,,,
1240,Zr15.1Ti6.5Nb27.8V24.1Mo20.3W6.2,0.491,1.0,0.0,0.0,0.0,1.0,1.0,0.0,0.0,1.0,,,,,,,0.18,158000000.0,,,
1241,Zr17Ti3Nb47V13Mo13W7,0.09933333333333333,1.0,0.0,0.0,0.0,1.0,1.0,0.0,0.0,1.0,,,635602500.0,,,5000000000.0,,,,,
1242,Zr17Ti3Nb47V13Mo13W7,0.491,1.0,0.0,0.0,0.0,1.0,1.0,0.0,0.0,1.0,,,,,,,0.22,150000000.0,,,
1243,Zr18Ti32Nb17W32,0.09933333333333333,1.0,0.0,0.0,0.0,0.0,1.0,0.0,0.0,0.0,,,,,,4400000000.0,,,,,
1244,Zr1Ta0.3Ti1Nb1,0.09866666666666667,0.0,0.0,1.0,0.0,1.0,1.0,0.0,0.0,0.0,,,882000000.0,,7.81,,,,,,
1245,Zr1Ta0.3Ti1Nb1,0.42433333333333334,0.0,0.0,1.0,0.0,1.0,1.0,0.0,0.0,0.0,,,274000000.0,,7.81,,,,,,
1246,Zr1Ta0.3Ti1Nb1,0.491,0.0,0.0,1.0,0.0,1.0,1.0,0.0,0.0,0.0,,,102000000.0,,7.81,,,,,,
1247,Zr1Ta0.5Ti1Nb1Al0.5,0.09933333333333333,0.0,0.0,0.0,0.0,0.0,1.0,0.0,1.0,0.0,,6.0,1500000000.0,,,,,,,,
1248,Zr1Ta0.5Ti1Nb1Al0.5,0.09933333333333333,0.0,0.0,0.0,0.0,1.0,1.0,0.0,1.0,0.0,,13.333333333333334,1667500000.0,,,,,,,,
1249,Zr1Ta0.5Ti1Nb1Al0.5Mo0.5,0.09933333333333333,0.0,0.0,1.0,0.0,1.0,1.0,0.0,0.0,0.0,,,2350000000.0,,,,,,2460000000.0,,
1250,Zr1Ta0.5Ti1Nb1Al0.5Mo0.5,0.42433333333333334,0.0,0.0,1.0,0.0,1.0,1.0,0.0,0.0,0.0,,,579000000.0,,,,,,646000000.0,,
1251,Zr1Ta0.5Ti1Nb1Al1Mo0.5,0.09866666666666667,0.0,0.0,1.0,0.0,1.0,1.0,0.0,0.0,0.0,,,2000000000.0,,7.14,,,,,,
1252,Zr1Ta0.5Ti1Nb1Al1Mo0.5,0.09933333333333333,0.0,0.0,1.0,0.0,1.0,1.0,0.0,0.0,0.0,,10.0,2098500000.0,,,5795937000.0,,,2369000000.0,,
1253,Zr1Ta0.5Ti1Nb1Al1Mo0.5,0.35766666666666663,0.0,0.0,1.0,0.0,1.0,1.0,0.0,0.0,0.0,,11.0,1597000000.0,,,,,,1810000000.0,,
1254,Zr1Ta0.5Ti1Nb1Al1Mo0.5,0.42433333333333334,0.0,0.0,1.0,0.0,1.0,1.0,0.0,0.0,0.0,,50.0,745000000.0,,7.14,,,,772000000.0,,
1255,Zr1Ta0.5Ti1Nb1Al1Mo0.5,0.491,0.0,0.0,1.0,0.0,1.0,1.0,0.0,0.0,0.0,,50.0,250000000.0,,7.14,,,,,,
1256,Zr1Ta0.5Ti1Nb1Cr1Mo0.5,0.09866666666666667,0.0,0.0,1.0,0.0,1.0,1.0,0.0,0.0,1.0,,,1595000000.0,,7.98,,,,,,
1257,Zr1Ta0.5Ti1Nb1Cr1Mo0.5,0.09933333333333333,0.0,0.0,1.0,0.0,1.0,1.0,0.0,0.0,1.0,,5.0,1595000000.0,,,5295780000.0,,,2046000000.0,,
1258,Zr1Ta0.5Ti1Nb1Cr1Mo0.5,0.09938333333333332,1.0,0.0,0.0,0.0,0.0,1.0,0.0,0.0,0.0,,5.0,,,,,,,,,
1259,Zr1Ta0.5Ti1Nb1Cr1Mo0.5,0.35766666666666663,0.0,0.0,1.0,0.0,1.0,1.0,0.0,0.0,1.0,,5.5,983000000.0,,,,,,1100000000.0,,
1260,Zr1Ta0.5Ti1Nb1Cr1Mo0.5,0.42433333333333334,0.0,0.0,1.0,0.0,1.0,1.0,0.0,0.0,1.0,,50.0,546000000.0,,7.98,,,,630000000.0,,
1261,Zr1Ta0.5Ti1Nb1Cr1Mo0.5,0.491,0.0,0.0,1.0,0.0,1.0,1.0,0.0,0.0,1.0,,50.0,170000000.0,,7.98,,,,190000000.0,,
1262,Zr1Ta0.8Ti1.5Nb1Al0.5V0.2,0.09933333333333333,0.0,0.0,1.0,0.0,1.0,1.0,0.0,0.0,0.0,,5.0,2035000000.0,,,5197710000.0,,,2105000000.0,,
1263,Zr1Ta0.8Ti1.5Nb1Al0.5V0.2,0.09938333333333332,0.0,0.0,1.0,0.0,1.0,1.0,0.0,0.0,0.0,,34.233333333333334,,,,,,,,,
1264,Zr1Ta0.8Ti1.5Nb1Al0.5V0.2,0.29105,0.0,0.0,1.0,0.0,1.0,1.0,0.0,0.0,0.0,,26.666666666666668,,,,,,,,,
1265,Zr1Ta0.8Ti1.5Nb1Al0.5V0.2,0.35766666666666663,0.0,0.0,1.0,0.0,1.0,1.0,0.0,0.0,0.0,,50.0,796000000.0,,,,,,851000000.0,,
1266,Zr1Ta0.8Ti1.5Nb1Al0.5V0.2,0.42433333333333334,0.0,0.0,1.0,0.0,1.0,1.0,0.0,0.0,0.0,,50.0,220000000.0,,,,,,225000000.0,,
1267,Zr1Ta1Ti1Nb1Al0.25,0.09933333333333333,0.0,0.0,1.0,0.0,1.0,1.0,0.0,0.0,0.0,,,1745000000.0,,,,,,1830000000.0,,
1268,Zr1Ta1Ti1Nb1Al0.25,0.42433333333333334,0.0,0.0,1.0,0.0,1.0,1.0,0.0,0.0,0.0,,,366000000.0,,,,,,408000000.0,,
1269,Zr1Ti1.5Nb1Al0.3,0.09933333333333333,1.0,0.0,0.0,0.0,1.0,1.0,0.0,0.0,0.0,,,,,,,23.0,,,,
1270,Zr1Ti1Nb0.5V0.5,0.09938333333333332,1.0,0.0,0.0,0.0,0.0,1.0,0.0,0.0,0.0,,,,,,,16.0,,,,
1271,Zr1Ti1Nb1Al0.24V1,0.09866666666666667,0.0,0.0,1.0,0.0,1.0,1.0,0.0,0.0,1.0,,,1240000000.0,,6.34,,,,,,
1272,Zr1Ti1Nb1Al0.24V1,0.42433333333333334,0.0,0.0,1.0,0.0,1.0,1.0,0.0,0.0,1.0,,,82000000.0,,6.34,,,,,,
1273,Zr1Ti1Nb1Al0.24V1,0.491,0.0,0.0,1.0,0.0,1.0,1.0,0.0,0.0,1.0,,,24000000.0,,6.34,,,,,,
1274,Zr1Ti1Nb1Re0.3,0.09866666666666667,0.0,0.0,1.0,0.0,1.0,1.0,0.0,0.0,1.0,,,1244000000.0,,7.81,,,,,,
1275,Zr1Ti1Nb1Re0.3,0.42433333333333334,0.0,0.0,1.0,0.0,1.0,1.0,0.0,0.0,1.0,,,323000000.0,,7.81,,,,,,
1276,Zr1Ti1Nb1Re0.3,0.491,0.0,0.0,1.0,0.0,1.0,1.0,0.0,0.0,1.0,,,89000000.0,,7.81,,,,,,
1277,Zr1Ti1Nb1V0.25Mo1,0.0,1.0,0.0,0.0,0.0,0.0,1.0,0.0,0.0,0.0,,,,2.893,,,,,,,
1278,Zr1Ti1Nb1V0.25Mo1,0.09933333333333333,1.0,0.0,0.0,0.0,0.0,1.0,0.0,0.0,0.0,,30.0,1776000000.0,,,,,,3893000000.0,,
1279,Zr1Ti1Nb1V0.3,0.0,1.0,0.0,0.0,0.0,0.0,1.0,0.0,0.0,0.0,,,,3.485,,,,,,,
1280,Zr1Ti1Nb1V0.3,0.09933333333333333,1.0,0.0,0.0,0.0,1.0,1.0,0.0,0.0,0.0,,,866000000.0,,,,,,,,
1281,Zr1Ti1Nb1V0.3Mo0.1,0.0,1.0,0.0,0.0,0.0,0.0,1.0,0.0,0.0,0.0,,,,3.387,,,,,,,
1282,Zr1Ti1Nb1V0.3Mo0.1,0.09933333333333333,1.0,0.0,0.0,0.0,1.0,1.0,0.0,0.0,0.0,,,932000000.0,,,,,,,,
1283,Zr1Ti1Nb1V0.3Mo0.3,0.0,1.0,0.0,0.0,0.0,0.0,1.0,0.0,0.0,0.0,,,,3.2260000000000004,,,,,,,
1284,Zr1Ti1Nb1V0.3Mo0.3,0.09933333333333333,1.0,0.0,0.0,0.0,1.0,1.0,0.0,0.0,0.0,,,1312000000.0,,,,,,,,
1285,Zr1Ti1Nb1V0.3Mo0.5,0.0,1.0,0.0,0.0,0.0,0.0,1.0,0.0,0.0,0.0,,,,3.1060000000000003,,,,,,,
1286,Zr1Ti1Nb1V0.3Mo0.5,0.09933333333333333,1.0,0.0,0.0,0.0,1.0,1.0,0.0,0.0,0.0,,,1301000000.0,,,,,,,,
1287,Zr1Ti1Nb1V0.3Mo0.7,0.0,1.0,0.0,0.0,0.0,0.0,1.0,0.0,0.0,0.0,,,,3.011,,,,,,,
1288,Zr1Ti1Nb1V0.3Mo0.7,0.09933333333333333,1.0,0.0,0.0,0.0,1.0,1.0,0.0,0.0,0.0,,,1436000000.0,,,,,,,,
1289,Zr1Ti1Nb1V0.3Mo1,0.0,1.0,0.0,0.0,0.0,0.0,1.0,0.0,0.0,0.0,,,,2.894,,,,,,,
1290,Zr1Ti1Nb1V0.3Mo1,0.09933333333333333,1.0,0.0,0.0,0.0,1.0,1.0,0.0,0.0,0.0,,,1455000000.0,,,,,,,,
1291,Zr1Ti1Nb1V0.3Mo1.3,0.0,1.0,0.0,0.0,0.0,0.0,1.0,0.0,0.0,0.0,,,,2.793,,,,,,,
1292,Zr1Ti1Nb1V0.3Mo1.3,0.09933333333333333,1.0,0.0,0.0,0.0,1.0,1.0,0.0,0.0,0.0,,,1603000000.0,,,,,,,,
1293,Zr1Ti1Nb1V0.3Mo1.5,0.0,1.0,0.0,0.0,0.0,0.0,1.0,0.0,0.0,0.0,,,,2.7310000000000003,,,,,,,
1294,Zr1Ti1Nb1V0.3Mo1.5,0.09933333333333333,1.0,0.0,0.0,0.0,1.0,1.0,0.0,0.0,0.0,,,1576000000.0,,,,,,,,
1295,Zr1Ti1Nb1V0.5Mo1,0.0,1.0,0.0,0.0,0.0,0.0,1.0,0.0,0.0,0.0,,,,2.898,,,,,,,
1296,Zr1Ti1Nb1V0.5Mo1,0.09933333333333333,1.0,0.0,0.0,0.0,0.0,1.0,0.0,0.0,0.0,,28.0,1647000000.0,,,,,,3307000000.0,,
1297,Zr1Ti1Nb1V0.75Mo1,0.0,1.0,0.0,0.0,0.0,0.0,1.0,0.0,0.0,0.0,,,,2.8960000000000004,,,,,,,
1298,Zr1Ti1Nb1V0.75Mo1,0.09933333333333333,1.0,0.0,0.0,0.0,0.0,1.0,0.0,0.0,0.0,,29.0,1708000000.0,,,,,,3929000000.0,,
1299,Zr1Ti1Nb1V1.5Mo1,0.0,1.0,0.0,0.0,0.0,0.0,1.0,0.0,0.0,0.0,,,,2.881,,,,,,,
1300,Zr1Ti1Nb1V1.5Mo1,0.09933333333333333,1.0,0.0,0.0,0.0,0.0,1.0,0.0,0.0,0.0,,20.0,1735000000.0,,,,,,3300000000.0,,
1301,Zr1Ti1Nb1V1Mo0.3,0.0,1.0,0.0,0.0,0.0,0.0,1.0,0.0,0.0,0.0,,,,3.185,,,,,,,
1302,Zr1Ti1Nb1V1Mo0.3,0.09933333333333333,1.0,0.0,0.0,0.0,1.0,1.0,0.0,0.0,0.0,,,1289000000.0,,,,,,,,
1303,Zr1Ti1Nb1V1Mo0.5,0.0,1.0,0.0,0.0,0.0,0.0,1.0,0.0,0.0,0.0,,,,3.085,,,,,,,
1304,Zr1Ti1Nb1V1Mo0.5,0.09933333333333333,1.0,0.0,0.0,0.0,1.0,1.0,0.0,0.0,0.0,,,1473000000.0,,,,,,,,
1305,Zr1Ti1Nb1V1Mo0.7,0.0,1.0,0.0,0.0,0.0,0.0,1.0,0.0,0.0,0.0,,,,3.0,,,,,,,
1306,Zr1Ti1Nb1V1Mo0.7,0.09933333333333333,1.0,0.0,0.0,0.0,1.0,1.0,0.0,0.0,0.0,,,1706000000.0,,,,,,,,
1307,Zr1Ti1Nb1V1Mo1.3,0.0,1.0,0.0,0.0,0.0,0.0,1.0,0.0,0.0,0.0,,,,2.795,,,,,,,
1308,Zr1Ti1Nb1V1Mo1.3,0.09933333333333333,1.0,0.0,0.0,0.0,1.0,1.0,0.0,0.0,0.0,,,1496000000.0,,,,,,,,
1309,Zr1Ti1Nb1V1Mo1.5,0.09933333333333333,1.0,0.0,0.0,0.0,1.0,1.0,0.0,0.0,0.0,,,1603000000.0,,,,,,,,
1310,Zr1Ti1Nb1V1Mo1.7,0.09933333333333333,1.0,0.0,0.0,0.0,1.0,1.0,0.0,0.0,0.0,,,1645000000.0,,,,,,,,
1311,Zr2TiNbV2,0.0,1.0,0.0,0.0,0.0,0.0,1.0,0.0,0.0,0.0,,,,3.439,,,,,,,
1312,Zr31.5Ti32.2Nb36.3,0.5576666666666666,0.0,0.0,1.0,0.0,1.0,1.0,0.0,0.0,0.0,,,,,,3334380000.0,,,,,
1313,Zr42.5Ta5Ti42.5Nb5Mo5,0.09933333333333333,1.0,0.0,0.0,0.0,0.0,1.0,0.0,0.0,0.0,,,,,,,14.9,,,,
1314,Zr6.3Ti20.8Nb20.8Al12.5V12.5Cr6.3Mo20.8,0.541,1.0,0.0,0.0,0.0,1.0,1.0,0.0,0.0,0.0,,,,,,5756709000.0,,,,,
1315,Zr7.1Ti23.8Nb23.8V14.3Cr7.1Mo23.8,0.541,1.0,0.0,0.0,0.0,1.0,1.0,0.0,0.0,0.0,,,,,,4942728000.0,,,,,
1316,Zr7TaTi6(Nb2Al)2,0.09933333333333333,1.0,0.0,0.0,0.0,0.0,1.0,0.0,0.0,0.0,,,,,,3049976999.9999995,25.0,850000000.0,,,
1317,Zr7TaTi6(Nb2Al)2,0.09933333333333333,1.0,0.0,0.0,0.0,1.0,1.0,0.0,0.0,0.0,,,,,,,17.5,919000000.0,,950000000.0,
1318,Zr7TaTi6(Nb2Al)2,0.291,1.0,0.0,0.0,0.0,0.0,1.0,0.0,0.0,0.0,,,,,,,23.0,721000000.0,,,
1319,Zr7TaTi6(Nb2Al)2,0.35766666666666663,1.0,0.0,0.0,0.0,0.0,1.0,0.0,0.0,0.0,,,,,,,18.0,668000000.0,,,
1320,Zr7Ti6Nb4Al2V,0.09933333333333333,1.0,0.0,0.0,0.0,0.0,1.0,0.0,0.0,0.0,,,,,,3079398000.0,16.0,848000000.0,,,
1321,Zr7Ti6Nb4Al2V,0.291,1.0,0.0,0.0,0.0,0.0,1.0,0.0,0.0,0.0,,,,,,,16.0,635000000.0,,,
1322,Zr7Ti6Nb4Al2V,0.35766666666666663,1.0,0.0,0.0,0.0,0.0,1.0,0.0,0.0,0.0,,,,,,,14.0,583000000.0,,,
1323,Zr8.3Ti27.8Nb27.8Cr8.3Mo27.8,0.541,1.0,0.0,0.0,0.0,1.0,1.0,0.0,0.0,0.0,,,,,,5207517000.0,,,,,
1324,Zr8TaTi6Nb3Al2,0.09871666666666666,0.0,0.0,0.0,0.0,0.0,1.0,0.0,0.0,0.0,,58.0,,,,,,,,,
1325,Zr8TaTi6Nb3Al2,0.09871666666666666,1.0,0.0,0.0,0.0,0.0,1.0,0.0,0.0,0.0,,55.0,,,,,,,,,
1326,Zr8TaTi6Nb3Al2,0.29105,0.0,0.0,0.0,0.0,0.0,1.0,0.0,0.0,0.0,,59.0,,,,,,,,,
1327,Zr8TaTi6Nb3Al2,0.29105,1.0,0.0,0.0,0.0,0.0,1.0,0.0,0.0,0.0,,58.0,,,,,,,,,
1328,Zr9TaTi9Nb,0.09933333333333333,1.0,0.0,0.0,0.0,0.0,1.0,0.0,0.0,0.0,,,,,,,7.9,,,,
1329,Zr9Ti9NbMo,0.09933333333333333,1.0,0.0,0.0,0.0,0.0,1.0,0.0,0.0,0.0,,,,,,,9.1,,,,
1330,ZrAlFeCoCuNi,0.09933333333333333,1.0,0.0,0.0,0.0,0.0,1.0,1.0,0.0,1.0,,,,,,4628904000.0,,,,,
1331,ZrTaTi,0.09933333333333333,1.0,0.0,0.0,0.0,0.0,1.0,0.0,0.0,1.0,,,,,,4756395000.0,0.0,,,284000000.0,157000000000.0
1332,ZrTaTiNb,0.09933333333333333,1.0,0.0,0.0,0.0,0.0,1.0,0.0,0.0,0.0,,,,,,3510906000.0,6.4,1144000000.0,,1205000000.0,98000000000.0
1333,ZrTaTiNb,0.09938333333333332,1.0,0.0,0.0,0.0,0.0,1.0,0.0,0.0,0.0,,,,,,,5.2,,,,
1334,ZrTaTiNb,0.09938333333333332,1.0,0.0,0.0,0.0,1.0,1.0,0.0,0.0,0.0,,,,,,,21.0,,,,
1335,ZrTaTiNbMo,0.09933333333333333,1.0,0.0,0.0,0.0,0.0,1.0,0.0,0.0,0.0,,,1382500000.0,,,,,,1450000000.0,,
1336,ZrTaTiNbMo,0.09933333333333333,1.0,0.0,0.0,0.0,1.0,1.0,0.0,0.0,0.0,,,1100000000.0,,,,,,1200000000.0,,
1337,ZrTaTiNbMo,0.10766666666666666,1.0,0.0,0.0,0.0,0.0,1.0,0.0,0.0,0.0,7.499999999999999e-06,,,,,,,,,,
1338,ZrTaTiNbMo,0.26666666666666666,1.0,0.0,0.0,0.0,0.0,1.0,0.0,0.0,0.0,8.3e-06,,,,,,,,,,
1339,ZrTaTiNbMo,0.42433333333333334,1.0,0.0,0.0,0.0,0.0,1.0,0.0,0.0,0.0,1.09e-05,,,,,,,,,,
1340,ZrTaTiNbV,0.09866666666666667,0.0,0.0,1.0,0.0,1.0,1.0,0.0,0.0,0.0,,,1395000000.0,,8.43,,,,,,
1341,ZrTaTiNbV,0.42433333333333334,0.0,0.0,1.0,0.0,1.0,1.0,0.0,0.0,0.0,,,190000000.0,,8.43,,,,,,
1342,ZrTaTiNbV,0.491,0.0,0.0,1.0,0.0,1.0,1.0,0.0,0.0,0.0,,,78000000.0,,8.43,,,,,,
1343,ZrTi30(Nb18Al5)3,0.09938333333333332,0.0,0.0,0.0,0.0,0.0,1.0,0.0,0.0,0.0,,,,,,,24.0,,,,
1344,ZrTi30(Nb18Al5)3,0.09938333333333332,1.0,0.0,0.0,0.0,0.0,1.0,0.0,0.0,0.0,,,,,,,0.0,,,,
1345,ZrTiAlVFeCoNi,0.09933333333333333,1.0,0.0,0.0,0.0,0.0,1.0,0.0,0.0,0.0,,,,,,7747530000.0,,,,,
1346,ZrTiAlVFeNi,0.09933333333333333,1.0,0.0,0.0,0.0,0.0,1.0,0.0,0.0,0.0,,,,,,7845600000.0,,,,,
1347,ZrTiNb,0.09866666666666667,0.0,0.0,1.0,0.0,1.0,1.0,0.0,0.0,0.0,,,975000000.0,,6.63,,,,,,
1348,ZrTiNb,0.09933333333333333,1.0,0.0,0.0,0.0,0.0,1.0,0.0,0.0,0.0,,48.0,1223000000.0,,,3270634500.0,14.2,956000000.0,,991000000.0,88000000000.0
1349,ZrTiNb,0.35766666666666663,1.0,0.0,0.0,0.0,0.0,1.0,0.0,0.0,0.0,,51.0,462000000.0,,,,,,,,
1350,ZrTiNb,0.42433333333333334,0.0,0.0,1.0,0.0,1.0,1.0,0.0,0.0,0.0,,,141000000.0,,6.63,,,,,,
1351,ZrTiNb,0.42433333333333334,1.0,0.0,0.0,0.0,0.0,1.0,0.0,0.0,0.0,,51.0,218000000.0,,,,,,,,
1352,ZrTiNb,0.491,0.0,0.0,1.0,0.0,1.0,1.0,0.0,0.0,0.0,,,61000000.0,,6.63,,,,,,
1353,ZrTiNbAl,0.09933333333333333,1.0,0.0,0.0,0.0,0.0,1.0,0.0,0.0,0.0,,8.6,1509000000.0,,5.85,4138554000.0,,,,,
1354,ZrTiNbAl,0.09933333333333333,1.0,0.0,0.0,0.0,1.0,1.0,0.0,0.0,1.0,,17.8,1579000000.0,,,4099326000.0,,,,,
1355,ZrTiNbAl,0.09938333333333332,1.0,0.0,0.0,0.0,0.0,1.0,0.0,0.0,0.0,,8.6,,,,,,,,,
1356,ZrTiNbAl,0.09938333333333332,1.0,0.0,0.0,0.0,1.0,1.0,0.0,0.0,0.0,,17.8,,,,,,,,,
1357,ZrTiNbAlV,0.09933333333333333,1.0,0.0,0.0,0.0,1.0,1.0,0.0,0.0,1.0,,,1500000000.0,,,,,,1675000000.0,,
1358,ZrTiNbAlV,0.291,1.0,0.0,0.0,0.0,1.0,1.0,0.0,0.0,1.0,,,1155000000.0,,,,,,1385000000.0,,
1359,ZrTiNbAlV,0.35766666666666663,1.0,0.0,0.0,0.0,1.0,1.0,0.0,0.0,1.0,,,550000000.0,,,,,,600000000.0,,
1360,ZrTiNbCr,0.09933333333333333,0.0,0.0,1.0,0.0,1.0,1.0,0.0,0.0,1.0,,6.0,1260000000.0,,,4099326000.0,,,,,
1361,ZrTiNbCr,0.291,0.0,0.0,1.0,0.0,1.0,1.0,0.0,0.0,1.0,,50.0,1035000000.0,,,,,,,,
1362,ZrTiNbCr,0.35766666666666663,0.0,0.0,1.0,0.0,1.0,1.0,0.0,0.0,1.0,,50.0,300000000.0,,,,,,,,
1363,ZrTiNbCr,0.42433333333333334,0.0,0.0,1.0,0.0,1.0,1.0,0.0,0.0,1.0,,50.0,115000000.0,,,,,,,,
1364,ZrTiNbCr3,0.09866666666666667,0.0,0.0,1.0,0.0,1.0,1.0,0.0,0.0,1.0,,,1576000000.0,,6.56,,,,,,
1365,ZrTiNbCr3,0.42433333333333334,0.0,0.0,1.0,0.0,1.0,1.0,0.0,0.0,1.0,,,139000000.0,,6.56,,,,,,
1366,ZrTiNbCr3,0.491,0.0,0.0,1.0,0.0,1.0,1.0,0.0,0.0,1.0,,,32000000.0,,6.56,,,,,,
1367,ZrTiNbMo,0.0,1.0,0.0,0.0,0.0,0.0,1.0,0.0,0.0,0.0,,,,2.883,,,,,,,
1368,ZrTiNbMo,0.09933333333333333,1.0,0.0,0.0,0.0,0.0,1.0,0.0,0.0,0.0,,34.0,1592000000.0,,,,,,3450000000.0,,
1369,ZrTiNbV,0.0,1.0,0.0,0.0,0.0,0.0,1.0,0.0,0.0,0.0,,,,3.3546666666666667,,,,,,,
1370,ZrTiNbV,0.09933333333333333,0.0,0.0,1.0,0.0,1.0,1.0,0.0,0.0,0.0,,50.0,1105000000.0,,,3285345000.0,,,,,
1371,ZrTiNbV,0.09933333333333333,1.0,0.0,0.0,0.0,1.0,1.0,0.0,0.0,0.0,,,1104000000.0,,,,,,,,
1372,ZrTiNbV,0.291,0.0,0.0,1.0,0.0,1.0,1.0,0.0,0.0,0.0,,50.0,834000000.0,,,,,,,,
1373,ZrTiNbV,0.35766666666666663,0.0,0.0,1.0,0.0,1.0,1.0,0.0,0.0,0.0,,50.0,187000000.0,,,,,,,,
1374,ZrTiNbV,0.42433333333333334,0.0,0.0,1.0,0.0,1.0,1.0,0.0,0.0,0.0,,50.0,58000000.0,,,,,,,,
1375,ZrTiNbV2,0.0,1.0,0.0,0.0,0.0,0.0,1.0,0.0,0.0,0.0,,,,3.23,,,,,,,
1376,ZrTiNbV2,0.09933333333333333,0.0,0.0,1.0,0.0,1.0,1.0,0.0,0.0,0.0,,50.0,918000000.0,,,2981328000.0,,,,,
1377,ZrTiNbV2,0.291,0.0,0.0,1.0,0.0,1.0,1.0,0.0,0.0,0.0,,50.0,571000000.0,,,,,,,,
1378,ZrTiNbV2,0.35766666666666663,0.0,0.0,1.0,0.0,1.0,1.0,0.0,0.0,0.0,,50.0,240000000.0,,,,,,,,
1379,ZrTiNbV2,0.42433333333333334,0.0,0.0,1.0,0.0,1.0,1.0,0.0,0.0,0.0,,50.0,72000000.0,,,,,,,,
1380,ZrTiNbV2Mo,0.0,1.0,0.0,0.0,0.0,0.0,1.0,0.0,0.0,0.0,,,,2.877,,,,,,,
1381,ZrTiNbV2Mo,0.09933333333333333,1.0,0.0,0.0,0.0,0.0,1.0,0.0,0.0,0.0,,23.0,1538000000.0,,,,,,3176000000.0,,
1382,ZrTiNbV3Mo,0.0,1.0,0.0,0.0,0.0,0.0,1.0,0.0,0.0,0.0,,,,2.874,,,,,,,
1383,ZrTiNbV3Mo,0.09933333333333333,1.0,0.0,0.0,0.0,0.0,1.0,0.0,0.0,0.0,,24.0,1418000000.0,,,,,,2508000000.0,,
1384,ZrTiNbVCr,0.09933333333333333,0.0,0.0,1.0,0.0,1.0,1.0,0.0,0.0,1.0,,3.0,1298000000.0,,,4726974000.0,,,,,
1385,ZrTiNbVCr,0.291,0.0,0.0,1.0,0.0,1.0,1.0,0.0,0.0,1.0,,10.0,1230000000.0,,,,,,,,
1386,ZrTiNbVCr,0.35766666666666663,0.0,0.0,1.0,0.0,1.0,1.0,0.0,0.0,1.0,,50.0,615000000.0,,,,,,,,
1387,ZrTiNbVCr,0.42433333333333334,0.0,0.0,1.0,0.0,1.0,1.0,0.0,0.0,1.0,,50.0,259000000.0,,,,,,,,
1388,ZrTiNbVMo,0.0,1.0,0.0,0.0,0.0,0.0,1.0,0.0,0.0,0.0,,,,2.89,,,,,,,
1389,ZrTiNbVMo,0.09866666666666667,0.0,0.0,1.0,0.0,1.0,1.0,0.0,0.0,1.0,,,1706000000.0,,7.27,,,,,,
1390,ZrTiNbVMo,0.09933333333333333,1.0,0.0,0.0,0.0,0.0,1.0,0.0,0.0,0.0,,26.0,1786000000.0,,,,,,3828000000.0,,
1391,ZrTiNbVMo,0.09933333333333333,1.0,0.0,0.0,0.0,1.0,1.0,0.0,0.0,0.0,,,1779000000.0,,,,,,,,
1392,ZrTiNbVMo,0.42433333333333334,0.0,0.0,1.0,0.0,1.0,1.0,0.0,0.0,1.0,,,467000000.0,,7.27,,,,,,
1393,ZrTiNbVMo,0.491,0.0,0.0,1.0,0.0,1.0,1.0,0.0,0.0,1.0,,,116000000.0,,7.27,,,,,,
1394,ZrTiNbVMo2,0.09933333333333333,1.0,0.0,0.0,0.0,1.0,1.0,0.0,0.0,0.0,,,1765000000.0,,,,,,,,
1395,ZrTiVFeNiMo,0.09933333333333333,1.0,0.0,0.0,0.0,0.0,1.0,0.0,0.0,1.0,,,,,,7257180000.0,,,,,
